model,panel_mode,group_id,household,n_group_households,n_train_rows,n_test_rows,n_input_features,target_mode,scoring,best_trial_index,best_cv_score,n_trials,elapsed_s,fit_elapsed_s,predictions_path,best_naive,rmse_improvement_vs_best_naive,updated_at,MAE,MAPE,MSE,RMSE,SMAPE,R2,MASE,best_naive_MAE,best_naive_MAPE,best_naive_MSE,best_naive_RMSE,best_naive_SMAPE,best_naive_R2,best_naive_MASE
LightGBM,cluster,K0,ELEC_1-6-3,40,3272560,14615,66,level,r2,0,0.42075257308573,1,140.8,44.6,results/stage6_panel_probe_global/predictions/lightgbm/cluster/K0/ELEC_1-6-3_predictions.csv,lag_1,0.2817316882120371,2026-07-20T12:59:42,0.0133838009807421,2420940.9210672826,0.0018355112043381,0.0428428664346599,37.738031859211645,0.1087180271987606,0.429681414199976,0.016577489040432,2244321.4270059327,0.0035578171655507,0.0596474405616092,45.48184663855068,-0.7275940864232557,0.5322134530412317
LightGBM,cluster,K0,ELEC_1-8-2,40,3272560,14615,66,level,r2,0,0.42075257308573,1,140.9,44.6,results/stage6_panel_probe_global/predictions/lightgbm/cluster/K0/ELEC_1-8-2_predictions.csv,lag_1,0.246581074968373,2026-07-20T12:59:42,0.0221849850781612,253544.78740738987,0.0040564897972392,0.063690578559464,37.7431824277293,0.2031677415135545,0.71223980213886,0.025432774796804,198478.23324415897,0.0071462357301591,0.084535411101852,38.70558696568797,-0.4037632142979028,0.8165087524421821
LightGBM,cluster,K0,ELEC_1-10-3,40,3272560,14615,66,level,r2,0,0.42075257308573,1,141.0,44.6,results/stage6_panel_probe_global/predictions/lightgbm/cluster/K0/ELEC_1-10-3_predictions.csv,lag_1,0.2776153192810948,2026-07-20T12:59:42,0.0216532269642663,376092.5517360544,0.0128727044865222,0.113457941487241,32.7929609294504,0.0876631089386594,0.6951679270624574,0.0249257614330713,328473.650531178,0.0246679321041051,0.1570602817522786,34.75170154352617,-0.7483089515753927,0.8002312973709065
LightGBM,cluster,K0,ELEC_1-14-1,40,3272560,14615,66,level,r2,0,0.42075257308573,1,141.1,44.6,results/stage6_panel_probe_global/predictions/lightgbm/cluster/K0/ELEC_1-14-1_predictions.csv,lag_1,0.2834170238091037,2026-07-20T12:59:42,0.0143463365356854,32.71013500289971,0.0075474451406143,0.0868760331772482,26.727559877425744,0.0250158251493399,0.460583221471383,0.0167191244492164,36.45357419227847,0.0146982961004592,0.1212365295629137,30.053428514525628,-0.898736039577289,0.5367605994636012
LightGBM,cluster,K0,ELEC_1-14-2,40,3272560,14615,66,level,r2,0,0.42075257308573,1,141.2,44.6,results/stage6_panel_probe_global/predictions/lightgbm/cluster/K0/ELEC_1-14-2_predictions.csv,lag_1,0.283210731549844,2026-07-20T12:59:42,0.0164053285036028,132614.74550796906,0.0039961034570835,0.0632147408211375,27.586668567098915,0.058154347177263,0.5266863099642678,0.0204488541873957,95830.8186753937,0.0077777456066724,0.088191527975608,33.31237921037077,-0.8331447038540354,0.6565020354570482
LightGBM,cluster,K0,ELEC_1-15-1,40,3272560,14615,66,level,r2,0,0.42075257308573,1,141.2,44.6,results/stage6_panel_probe_global/predictions/lightgbm/cluster/K0/ELEC_1-15-1_predictions.csv,lag_1,0.2640285575048933,2026-07-20T12:59:42,0.026151183376718,134566.0725032795,0.0078165342203708,0.0884111656996491,36.94386299604878,0.1168961703745766,0.8395729638000027,0.0289161822737709,95840.07004110976,0.0144308631293275,0.1201285275416606,36.61168264446974,-0.6303837653646043,0.9283421137639456
LightGBM,cluster,K0,ELEC_1-15-4,40,3272560,14615,66,level,r2,0,0.42075257308573,1,141.3,44.6,results/stage6_panel_probe_global/predictions/lightgbm/cluster/K0/ELEC_1-15-4_predictions.csv,lag_1,0.2877513084297779,2026-07-20T12:59:42,0.0145888174580131,3974829.4720662967,0.0038685047450723,0.0621973049663114,29.481766857775444,0.1422851213900667,0.4683679715414284,0.0176873078052563,3106434.501980641,0.0076257017182727,0.087325263917567,34.64491092941781,-0.6907508855806077,0.5678437270614107
LightGBM,cluster,K0,ELEC_1-17-2,40,3272560,14615,66,level,r2,0,0.42075257308573,1,141.4,44.6,results/stage6_panel_probe_global/predictions/lightgbm/cluster/K0/ELEC_1-17-2_predictions.csv,lag_1,0.2845340889087382,2026-07-20T12:59:43,0.0244235616540213,30.937824612784787,0.0311797498834153,0.1765778861675928,26.77331051346657,0.0528819235169257,0.7841083804518912,0.028247006840087,33.641230439261854,0.0609108604358202,0.246801256957537,28.18704782619462,-0.8502321920031959,0.9068585122738374
LightGBM,cluster,K0,ELEC_1-18-4,40,3272560,14615,66,level,r2,0,0.42075257308573,1,141.4,44.6,results/stage6_panel_probe_global/predictions/lightgbm/cluster/K0/ELEC_1-18-4_predictions.csv,lag_1,0.283756467558461,2026-07-20T12:59:43,0.0174599887060288,33.84878521389801,0.0145941722715079,0.1208063420169155,28.26211134576495,0.0572547032991138,0.5605457410728805,0.0206137532857537,39.342227655663784,0.0284484128318275,0.1686665729533494,29.962337580401822,-0.8376929432421565,0.6617960530447841
LightGBM,cluster,K0,ELEC_2-3-6,40,3272560,14615,66,level,r2,0,0.42075257308573,1,141.5,44.6,results/stage6_panel_probe_global/predictions/lightgbm/cluster/K0/ELEC_2-3-6_predictions.csv,lag_1,0.278089936178271,2026-07-20T12:59:43,0.0138098429756666,32.211704952320055,0.0029988667293455,0.0547619094749767,27.17320920867772,0.0722523953714728,0.4433593168489411,0.0168908658178812,37.569409798413275,0.0057542797758907,0.075856969197897,32.31582362722127,-0.7801789009843767,0.5422742853194157
LightGBM,cluster,K0,ELEC_2-7-6,40,3272560,14615,66,level,r2,0,0.42075257308573,1,141.6,44.6,results/stage6_panel_probe_global/predictions/lightgbm/cluster/K0/ELEC_2-7-6_predictions.csv,lag_1,0.2589677859710526,2026-07-20T12:59:43,0.0232109778819011,35.69607145090302,0.0073443522170005,0.085699196128088,29.56955554944999,0.1599558412346761,0.7451788782282511,0.0261477936671672,37.586786128557485,0.0133745543662373,0.1156484084033901,30.910386510417265,-0.5297763423491508,0.8394641385719817
LightGBM,cluster,K0,ELEC_2-8-3,40,3272560,14615,66,level,r2,0,0.42075257308573,1,141.7,44.6,results/stage6_panel_probe_global/predictions/lightgbm/cluster/K0/ELEC_2-8-3_predictions.csv,lag_1,0.2752812403840966,2026-07-20T12:59:43,0.0128249643163166,1849058.2138380967,0.0020993590935841,0.0458187635536377,32.97083138938651,0.1613297960989819,0.4117401934195205,0.0153602464875792,1566927.7570261532,0.003997124944992,0.0632228198120901,38.89996398119381,-0.5968061885549507,0.4931343825823441
LightGBM,cluster,K0,ELEC_2-9-3,40,3272560,14615,66,level,r2,0,0.42075257308573,1,141.7,44.6,results/stage6_panel_probe_global/predictions/lightgbm/cluster/K0/ELEC_2-9-3_predictions.csv,lag_1,0.26253920489341,2026-07-20T12:59:43,0.0160032507760548,235179.95616866215,0.0033639613480354,0.0579996667924517,32.32913703858307,0.2040344670729144,0.5137777702422772,0.0184769075266285,232681.9132175037,0.0061854759480938,0.0786477968419578,36.16241977841143,-0.463579735334209,0.5931935006735052
LightGBM,cluster,K0,ELEC_2-10-2,40,3272560,14615,66,level,r2,0,0.42075257308573,1,141.8,44.6,results/stage6_panel_probe_global/predictions/lightgbm/cluster/K0/ELEC_2-10-2_predictions.csv,lag_1,0.264285869654068,2026-07-20T12:59:43,0.0215936300330952,423252.84966435574,0.0030265504774185,0.0550140934435767,32.76549759588057,0.1085447842491867,0.693254592150764,0.0256900447802394,355842.87924385286,0.0055915179952875,0.0747764534816113,34.95074742720956,-0.6469534931117713,0.8247682992236076
LightGBM,cluster,K0,ELEC_2-12-2,40,3272560,14615,66,level,r2,0,0.42075257308573,1,141.9,44.6,results/stage6_panel_probe_global/predictions/lightgbm/cluster/K0/ELEC_2-12-2_predictions.csv,lag_1,0.2792560622885895,2026-07-20T12:59:43,0.0145684125690935,231668.59406962185,0.0036173276773207,0.0601442239730529,30.02609008755668,0.1417463949610425,0.4677128809927712,0.0168799181329779,218992.9718514298,0.0069634723423946,0.0834474226228386,32.536032006341145,-0.6521658457759147,0.5419228144078088
LightGBM,cluster,K0,ELEC_2-12-4,40,3272560,14615,66,level,r2,0,0.42075257308573,1,142.0,44.6,results/stage6_panel_probe_global/predictions/lightgbm/cluster/K0/ELEC_2-12-4_predictions.csv,lag_1,0.2808533326866608,2026-07-20T12:59:43,0.0168350496162616,26.166214107641455,0.0056233136171015,0.0749887566045841,23.90543658577017,0.0330911420297861,0.5404823291717037,0.0201436883021385,30.996913285918303,0.0108731996084971,0.1042746354992295,26.520084328004685,-0.8696081584283271,0.646704810488481
LightGBM,cluster,K0,ELEC_2-14-3,40,3272560,14615,66,level,r2,0,0.42075257308573,1,142.0,44.6,results/stage6_panel_probe_global/predictions/lightgbm/cluster/K0/ELEC_2-14-3_predictions.csv,lag_1,0.2503632818480107,2026-07-20T12:59:43,0.0265108659127218,401370.9983819337,0.007679369568244,0.0876320122343661,37.80262142929904,0.1421967085519475,0.8511204233711315,0.0294580912552542,396900.4111977911,0.0136654477839139,0.1168993061737921,39.12245022268477,-0.5264620336319148,0.9457398782604796
LightGBM,cluster,K0,ELEC_2-14-5,40,3272560,14615,66,level,r2,0,0.42075257308573,1,142.1,44.6,results/stage6_panel_probe_global/predictions/lightgbm/cluster/K0/ELEC_2-14-5_predictions.csv,lag_1,0.2553092521211618,2026-07-20T12:59:43,0.021013321505989,647770.7692773864,0.0043977134174459,0.0663152578027557,33.63415912580627,0.2737755000033074,0.6746240260688232,0.0235141980404613,547426.9104993651,0.0079300332501266,0.0890507341358097,35.533510465533226,-0.3095406374558653,0.7549136364431704
LightGBM,cluster,K0,ELEC_2-14-6,40,3272560,14615,66,level,r2,0,0.42075257308573,1,142.2,44.6,results/stage6_panel_probe_global/predictions/lightgbm/cluster/K0/ELEC_2-14-6_predictions.csv,lag_1,0.2831478655978896,2026-07-20T12:59:43,0.0137108172189394,20.85389128710547,0.0033406768023399,0.0577985882382944,19.35817307428205,0.1350360860693096,0.4401801357438137,0.0162039005886532,23.29554690116644,0.0065009271002135,0.0806283269094278,21.00123308950445,-0.6832120200434395,0.5202195497756302
LightGBM,cluster,K0,ELEC_2-17-3,40,3272560,14615,66,level,r2,0,0.42075257308573,1,142.3,44.6,results/stage6_panel_probe_global/predictions/lightgbm/cluster/K0/ELEC_2-17-3_predictions.csv,lag_1,0.2530978033803082,2026-07-20T12:59:43,0.0182510515200537,77298.27887387236,0.0036085682084077,0.0600713593021479,31.410151340690064,0.338332294117561,0.5859424866715577,0.0197023608538928,82148.3892991469,0.0064685575337329,0.0804273431970305,33.906066333284706,-0.1860758551664345,0.6325361746607111
LightGBM,cluster,K0,ELEC_2-18-3,40,3272560,14615,66,level,r2,0,0.42075257308573,1,142.3,44.6,results/stage6_panel_probe_global/predictions/lightgbm/cluster/K0/ELEC_2-18-3_predictions.csv,lag_1,0.2678461739104133,2026-07-20T12:59:44,0.0137819291548953,40259.65907109419,0.0032449489083867,0.0569644530245551,26.0533520012943,0.1568870316151804,0.4424631551380804,0.0155949370442263,34243.76220865773,0.0060534532216475,0.077803940913347,28.05459877061095,-0.5728275109327727,0.5006690261730994
LightGBM,cluster,K0,ELEC_2-20-2,40,3272560,14615,66,level,r2,0,0.42075257308573,1,142.4,44.6,results/stage6_panel_probe_global/predictions/lightgbm/cluster/K0/ELEC_2-20-2_predictions.csv,lag_1,0.2472108924003584,2026-07-20T12:59:44,0.0151208594798768,2531445.014578537,0.0022194471787187,0.0471110091031679,38.580823915727805,0.2428525303585381,0.4854489613661547,0.0171310299754837,2216948.046163557,0.0039165002680816,0.0625819484203046,41.79875109489598,-0.3360841818006101,0.5499846566128356
LightGBM,cluster,K0,ELEC_2-23-1,40,3272560,14615,66,level,r2,0,0.42075257308573,1,142.5,44.6,results/stage6_panel_probe_global/predictions/lightgbm/cluster/K0/ELEC_2-23-1_predictions.csv,lag_1,0.2762231355365335,2026-07-20T12:59:44,0.013528973654893,1183721.7150187118,0.0020996509393194,0.0458219482270172,33.38636964279411,0.1196628320273672,0.4343421230690105,0.017178241722318,1183764.046401277,0.0040080922350307,0.06330949561504,41.255658710854995,-0.6805043643605633,0.5515003702860884
LightGBM,cluster,K0,ELEC_3-1-5,40,3272560,14615,66,level,r2,0,0.42075257308573,1,142.6,44.6,results/stage6_panel_probe_global/predictions/lightgbm/cluster/K0/ELEC_3-1-5_predictions.csv,lag_1,0.2863846706952718,2026-07-20T12:59:44,0.0213532402142865,204071.4854008984,0.0217977707558153,0.1476406812359497,31.537513357719472,0.0407850126973831,0.685536976097327,0.0249770785902244,184782.7101367779,0.0428039393078259,0.2068911291182537,33.30543388191025,-0.8835953712699982,0.8018788135503524
LightGBM,cluster,K0,ELEC_3-2-3,40,3272560,14615,66,level,r2,0,0.42075257308573,1,142.6,44.6,results/stage6_panel_probe_global/predictions/lightgbm/cluster/K0/ELEC_3-2-3_predictions.csv,lag_1,0.2605465384901481,2026-07-20T12:59:44,0.0225520054815866,192773.86525588407,0.0066289514350368,0.0814183728346176,35.569276398175056,0.2484654229376005,0.7240228409191707,0.0255306194247643,171107.61661121738,0.0121233639949132,0.1101061487606991,39.456102672445304,-0.3744447099633983,0.8196500138950648
LightGBM,cluster,K0,ELEC_3-3-4,40,3272560,14615,66,level,r2,0,0.42075257308573,1,142.7,44.6,results/stage6_panel_probe_global/predictions/lightgbm/cluster/K0/ELEC_3-3-4_predictions.csv,lag_1,0.2654750721958071,2026-07-20T12:59:44,0.0171044170373531,124291.16338419355,0.004629035260845,0.0680370139030592,30.905082397438928,0.1273615287538517,0.54913025920298,0.0198049951431784,116359.88387332976,0.008579804866013,0.0926272360918379,35.33068897543818,-0.6174142947662695,0.6358312062163275
LightGBM,cluster,K0,ELEC_3-3-5,40,3272560,14615,66,level,r2,0,0.42075257308573,1,142.8,44.6,results/stage6_panel_probe_global/predictions/lightgbm/cluster/K0/ELEC_3-3-5_predictions.csv,lag_1,0.2725707917772738,2026-07-20T12:59:44,0.0161824340161928,53403.15682488385,0.003502662112868,0.0591832925145942,27.793876282034457,0.1029407520711057,0.5195303743144847,0.0193315090809207,47931.30262891686,0.0066193717853415,0.0813595217865836,29.824964144442543,-0.6952730478071096,0.6206301313402433
LightGBM,cluster,K0,ELEC_3-7-2,40,3272560,14615,66,level,r2,0,0.42075257308573,1,142.9,44.6,results/stage6_panel_probe_global/predictions/lightgbm/cluster/K0/ELEC_3-7-2_predictions.csv,lag_1,0.2781854888034261,2026-07-20T12:59:44,0.0185844189170126,22034.233292179186,0.0063317718862889,0.0795724316977237,26.268308676106944,0.2564949023061931,0.596645109549735,0.0205275405401818,20559.695786184413,0.0121527354142667,0.1102394458180316,27.99779344551135,-0.427028783364338,0.6590282283817674
LightGBM,cluster,K0,ELEC_3-7-3,40,3272560,14615,66,level,r2,0,0.42075257308573,1,142.9,44.6,results/stage6_panel_probe_global/predictions/lightgbm/cluster/K0/ELEC_3-7-3_predictions.csv,lag_1,0.2846975029495882,2026-07-20T12:59:44,0.0111014074952972,27.32586971212697,0.0021939173883205,0.0468392718594186,24.28027688929949,0.0522291011954428,0.3564061120643624,0.0141122137415233,33.916455738718376,0.004287861885066,0.0654817675774415,29.946863855189644,-0.8523535728343241,0.4530668056611978
LightGBM,cluster,K0,ELEC_3-8-5,40,3272560,14615,66,level,r2,0,0.42075257308573,1,143.0,44.6,results/stage6_panel_probe_global/predictions/lightgbm/cluster/K0/ELEC_3-8-5_predictions.csv,lag_1,0.2416999247219158,2026-07-20T12:59:44,0.0106989485943507,11662923.86833741,0.0010819872373352,0.03289357440801,50.88568553354741,0.306636185867199,0.3434853349275188,0.0119958947608178,10061625.593167124,0.001881654744443,0.0433780444976842,59.19266041326049,-0.205810258632312,0.3851232570507377
LightGBM,cluster,K0,ELEC_3-8-6,40,3272560,14615,66,level,r2,0,0.42075257308573,1,143.1,44.6,results/stage6_panel_probe_global/predictions/lightgbm/cluster/K0/ELEC_3-8-6_predictions.csv,lag_1,0.2672000376939096,2026-07-20T12:59:44,0.0161593644591602,39.26936410763156,0.0043020306083867,0.0655898666593149,30.975094841136,0.1914262789314422,0.518789735694335,0.0175744101083902,38.10213824856498,0.0080112930687957,0.0895058270102886,31.304483640915116,-0.5057356948085676,0.5642191930356025
LightGBM,cluster,K0,ELEC_3-9-2,40,3272560,14615,66,level,r2,0,0.42075257308573,1,143.1,44.6,results/stage6_panel_probe_global/predictions/lightgbm/cluster/K0/ELEC_3-9-2_predictions.csv,lag_1,0.2656873253520676,2026-07-20T12:59:44,0.0113278491297676,30.335137762558723,0.0011828039045237,0.0343919162671072,25.81330298491257,0.2032481512270468,0.3636759274085249,0.0128094426234722,31.931620220511235,0.0021935659728807,0.0468355204185962,27.415441264495648,-0.4776141147436765,0.411241875868195
LightGBM,cluster,K0,ELEC_3-10-3,40,3272560,14615,66,level,r2,0,0.42075257308573,1,143.2,44.6,results/stage6_panel_probe_global/predictions/lightgbm/cluster/K0/ELEC_3-10-3_predictions.csv,lag_1,0.2713489797490893,2026-07-20T12:59:44,0.0182208627188064,40.95083476043244,0.0072826771616404,0.0853386029979427,32.15346480290908,0.1921717905172357,0.5849732876501723,0.0204399591697936,41.66795201421022,0.0137167714864972,0.1171186214335587,33.95949868111993,-0.521527688771702,0.6562164645831179
LightGBM,cluster,K0,ELEC_3-11-6,40,3272560,14615,66,level,r2,0,0.42075257308573,1,143.3,44.6,results/stage6_panel_probe_global/predictions/lightgbm/cluster/K0/ELEC_3-11-6_predictions.csv,lag_1,0.2338739062077601,2026-07-20T12:59:44,0.0198836178893021,63399.52355499065,0.0031042764957109,0.0557160344578735,34.54866616649999,0.2093495721863895,0.6383553570753655,0.0222627440295174,54784.10621211508,0.0052888334121478,0.072724366014066,35.06638967560105,-0.3470508847157065,0.7147362212229079
LightGBM,cluster,K0,ELEC_3-13-4,40,3272560,14615,66,level,r2,0,0.42075257308573,1,143.4,44.6,results/stage6_panel_probe_global/predictions/lightgbm/cluster/K0/ELEC_3-13-4_predictions.csv,lag_1,0.2715334660216932,2026-07-20T12:59:45,0.0078459099220001,10369534.301715417,0.0006516377067751,0.0255271954349708,44.78750937113523,0.1354195939176113,0.2518897042642441,0.0094245638889344,8352193.212369725,0.0012279678509483,0.035042372222045,55.887990126293374,-0.6292441830646023,0.3025717392123696
LightGBM,cluster,K0,ELEC_3-14-3,40,3272560,14615,66,level,r2,0,0.42075257308573,1,143.4,44.6,results/stage6_panel_probe_global/predictions/lightgbm/cluster/K0/ELEC_3-14-3_predictions.csv,lag_1,0.2768161672272692,2026-07-20T12:59:45,0.0140710113057357,23922.87536342481,0.0040512348189914,0.0636493112216581,31.006519733170585,0.058980773048934,0.4517440184422921,0.0168936026938924,20571.301386020743,0.0077462230701491,0.088012630174022,34.92738533919787,-0.7992896415411626,0.5423621515957201
LightGBM,cluster,K0,ELEC_3-15-3,40,3272560,14615,66,level,r2,0,0.42075257308573,1,143.5,44.6,results/stage6_panel_probe_global/predictions/lightgbm/cluster/K0/ELEC_3-15-3_predictions.csv,lag_1,0.2730188238353427,2026-07-20T12:59:45,0.013035811781482,29.0421046939778,0.0018777990443611,0.0433335787162931,24.615356754574393,0.2710952316604141,0.4185093643854606,0.0149907632201421,31.248860346732833,0.0035530619699179,0.0596075663814413,27.04560639718715,-0.3791911439385635,0.4812722745680342
LightGBM,cluster,K0,ELEC_3-17-5,40,3272560,14615,66,level,r2,0,0.42075257308573,1,143.6,44.6,results/stage6_panel_probe_global/predictions/lightgbm/cluster/K0/ELEC_3-17-5_predictions.csv,lag_1,0.2637199840905638,2026-07-20T12:59:45,0.011306698234798,14390029.309297394,0.0025625115530282,0.0506212559408425,53.42332613945408,0.12319975899008,0.3629968866431076,0.0138823127604722,14414467.078179335,0.0047269369118067,0.0687527229410353,71.32754864168359,-0.6173895562004157,0.4456859294208731
LightGBM,cluster,K0,ELEC_3-19-1,40,3272560,14615,66,level,r2,0,0.42075257308573,1,143.7,44.6,results/stage6_panel_probe_global/predictions/lightgbm/cluster/K0/ELEC_3-19-1_predictions.csv,lag_1,0.275963809001822,2026-07-20T12:59:45,0.0299628255351697,42.47319136865087,0.0239396660522744,0.1547244843335225,32.535014005609895,0.1536602091748944,0.9619441642851566,0.0335484094232628,42.764558047003895,0.0456664800761977,0.2136971690879357,34.1907046416568,-0.614448552081456,1.0770578571729488
LightGBM,cluster,K0,ELEC_3-23-1,40,3272560,14615,66,level,r2,0,0.42075257308573,1,143.7,44.6,results/stage6_panel_probe_global/predictions/lightgbm/cluster/K0/ELEC_3-23-1_predictions.csv,lag_1,0.2572272738934111,2026-07-20T12:59:45,0.0227657961417928,46.99892029603608,0.0056207512014705,0.0749716693256228,36.15001396789786,0.1554965057659297,0.7308865019488261,0.0252637703556841,47.649474545846445,0.0101878481929553,0.1009348710454189,36.98022999000572,-0.5306981378976723,0.8110829345171437
LightGBM,cluster,K1,ELEC_1-4-3,24,1963536,14615,66,level,r2,0,0.4315472053129001,1,102.8,31.8,results/stage6_panel_probe_global/predictions/lightgbm/cluster/K1/ELEC_1-4-3_predictions.csv,lag_1,0.2659476426518228,2026-07-20T13:13:33,0.0242469570744211,47.327689803098835,0.0108525727960557,0.1041756823642436,35.448587873199514,0.1926821190828351,0.5647926526728316,0.0264556965251391,49.141210972611745,0.0201408888259311,0.1419185992952691,37.89031165540638,-0.4982714230351399,0.6162415750924668
LightGBM,cluster,K1,ELEC_1-6-1,24,1963536,14615,66,level,r2,0,0.4315472053129001,1,102.9,31.8,results/stage6_panel_probe_global/predictions/lightgbm/cluster/K1/ELEC_1-6-1_predictions.csv,lag_1,0.2700879861083699,2026-07-20T13:13:33,0.0267197857713122,30.93755294792405,0.0123569882901752,0.1111619912118131,27.0468710782648,0.1093928997979869,0.6223930961031524,0.0303181666234645,33.616154664769155,0.0231937841576216,0.152295056248132,28.569973438840712,-0.6716491402483917,0.7062114103178546
LightGBM,cluster,K1,ELEC_1-7-2,24,1963536,14615,66,level,r2,0,0.4315472053129001,1,103.0,31.8,results/stage6_panel_probe_global/predictions/lightgbm/cluster/K1/ELEC_1-7-2_predictions.csv,lag_1,0.2622581008655966,2026-07-20T13:13:33,0.0247619120981706,25149.340596800976,0.0067875206457211,0.0823864105646137,27.786900467016174,0.1285221100991423,0.5767876759237079,0.0284255903741909,20562.75846890839,0.0124710283028057,0.1116737583445893,30.57756219497204,-0.6012069793223274,0.6621269853348747
LightGBM,cluster,K1,ELEC_1-7-4,24,1963536,14615,66,level,r2,0,0.4315472053129001,1,103.0,31.8,results/stage6_panel_probe_global/predictions/lightgbm/cluster/K1/ELEC_1-7-4_predictions.csv,lag_1,0.2696183583128735,2026-07-20T13:13:33,0.01930359585102,336497.1454125125,0.0069920865004127,0.083618697074355,30.948064210786068,0.2437340260723771,0.4496452512931308,0.0210516595327017,307941.24703709764,0.0131071145585267,0.1144863072971031,32.21995888611802,-0.4176690686535411,0.4903634956809827
LightGBM,cluster,K1,ELEC_2-9-6,24,1963536,14615,66,level,r2,0,0.4315472053129001,1,103.1,31.8,results/stage6_panel_probe_global/predictions/lightgbm/cluster/K1/ELEC_2-9-6_predictions.csv,lag_1,0.2834075239010272,2026-07-20T13:13:33,0.0119443666133684,18.887491742283235,0.002589795585392,0.0508900342443591,17.92979458124815,0.0790575983995504,0.278224211118757,0.0164201166130731,26.771402907979382,0.0050433719458706,0.0710167018797032,24.173216126506425,-0.7934446634294248,0.3824793845524727
LightGBM,cluster,K1,ELEC_2-10-1,24,1963536,14615,66,level,r2,0,0.4315472053129001,1,103.2,31.8,results/stage6_panel_probe_global/predictions/lightgbm/cluster/K1/ELEC_2-10-1_predictions.csv,lag_1,0.2726237343874521,2026-07-20T13:13:34,0.0161693709755535,27.808312244326867,0.003813789012283,0.061755882410367,24.155091507961117,0.112201857756825,0.3766386807756571,0.0186678074185289,30.652289847036627,0.0072083922565897,0.0849022511868192,26.61110333661925,-0.6780155465730422,0.4348356141818356
LightGBM,cluster,K1,ELEC_2-11-5,24,1963536,14615,66,level,r2,0,0.4315472053129001,1,103.3,31.8,results/stage6_panel_probe_global/predictions/lightgbm/cluster/K1/ELEC_2-11-5_predictions.csv,lag_1,0.2056173933660866,2026-07-20T13:13:34,0.0325733952184476,1848784.6730806744,0.0054881294584509,0.0740819104670695,49.08164614059044,0.3177744401958694,0.7587432202532071,0.0348470751111968,1731166.7730320357,0.0086969083674312,0.0932572161681402,51.11601391833873,-0.081106636506117,0.8117048225694564
LightGBM,cluster,K1,ELEC_2-13-4,24,1963536,14615,66,level,r2,0,0.4315472053129001,1,103.4,31.8,results/stage6_panel_probe_global/predictions/lightgbm/cluster/K1/ELEC_2-13-4_predictions.csv,lag_1,0.2779179747903352,2026-07-20T13:13:34,0.018828586388452,27.713659509561207,0.0062040910274689,0.0787660525065774,24.809714562396856,0.1086871267048883,0.4385806936422462,0.0213705100950306,30.28600614881475,0.0118988528228292,0.1090818629416884,25.26424549574407,-0.7094527871165675,0.4977905907325916
LightGBM,cluster,K1,ELEC_2-15-2,24,1963536,14615,66,level,r2,0,0.4315472053129001,1,103.4,31.8,results/stage6_panel_probe_global/predictions/lightgbm/cluster/K1/ELEC_2-15-2_predictions.csv,lag_1,0.2559067104988919,2026-07-20T13:13:34,0.0292735894699199,736572.1889584673,0.0096999962009023,0.0984885587309628,41.73613649504887,0.2265590055297772,0.6818797179054374,0.030938077505501,670605.3286633368,0.0175193015639125,0.1323604985028106,42.91829530510545,-0.3969228176353068,0.7206512062234418
LightGBM,cluster,K1,ELEC_2-17-1,24,1963536,14615,66,level,r2,0,0.4315472053129001,1,103.5,31.8,results/stage6_panel_probe_global/predictions/lightgbm/cluster/K1/ELEC_2-17-1_predictions.csv,lag_1,0.2885944857199713,2026-07-20T13:13:34,0.013847835363474,21.331012440151447,0.0058824893886703,0.0766973884084092,19.469708079201347,0.0475586019816818,0.3225623588439434,0.0163811157614817,23.743991183359007,0.0116232264235483,0.1078110681866587,21.054471723198223,-0.8819314907136839,0.3815709243956297
LightGBM,cluster,K1,ELEC_2-20-1,24,1963536,14615,66,level,r2,0,0.4315472053129001,1,103.6,31.8,results/stage6_panel_probe_global/predictions/lightgbm/cluster/K1/ELEC_2-20-1_predictions.csv,lag_1,0.2652666888917857,2026-07-20T13:13:34,0.0204831457126838,357012.95630667906,0.004957131228024,0.0704068975884042,32.64479648268839,0.2820598958595145,0.4771209090956426,0.0224892236884066,184785.47918693165,0.0091827118292695,0.0958264672690666,33.929047504460094,-0.3299299098090844,0.523849168559272
LightGBM,cluster,K1,ELEC_2-22-2,24,1963536,14615,66,level,r2,0,0.4315472053129001,1,103.7,31.8,results/stage6_panel_probe_global/predictions/lightgbm/cluster/K1/ELEC_2-22-2_predictions.csv,lag_1,0.2215995755610394,2026-07-20T13:13:34,0.0299327491329135,44215.13571219364,0.0058961620359564,0.0767864703965252,39.90527337971413,0.301795274845933,0.6972337490712621,0.0321224771859802,27422.111109348236,0.009731130169558,0.098646490913555,39.73932601014102,-0.1523294346459742,0.7482398325120732
LightGBM,cluster,K1,ELEC_2-22-6,24,1963536,14615,66,level,r2,0,0.4315472053129001,1,103.8,31.8,results/stage6_panel_probe_global/predictions/lightgbm/cluster/K1/ELEC_2-22-6_predictions.csv,lag_1,0.2806434166271054,2026-07-20T13:13:34,0.0205965682619531,17620.277794730842,0.005542032178131,0.0744448264027194,26.932700841872297,0.2198163528589216,0.4797628992751993,0.0237283616363538,20562.942979015817,0.0107097811927146,0.103488072707509,30.03517828920728,-0.5076773072495717,0.5527128320078692
LightGBM,cluster,K1,ELEC_3-2-6,24,1963536,14615,66,level,r2,0,0.4315472053129001,1,103.8,31.8,results/stage6_panel_probe_global/predictions/lightgbm/cluster/K1/ELEC_3-2-6_predictions.csv,lag_1,0.2767978381787258,2026-07-20T13:13:34,0.0250082466222058,65954.20486541331,0.0124226351428332,0.1114568757090978,33.15881865175137,0.1742080159176759,0.5825256301275163,0.0283551148809952,54782.19596339636,0.0237516780955683,0.1541157944390137,34.53383465917471,-0.5788876638737548,0.6604853756009914
LightGBM,cluster,K1,ELEC_3-4-2,24,1963536,14615,66,level,r2,0,0.4315472053129001,1,103.9,31.8,results/stage6_panel_probe_global/predictions/lightgbm/cluster/K1/ELEC_3-4-2_predictions.csv,lag_1,0.2782230055311331,2026-07-20T13:13:34,0.0239102659662264,31.462127772753295,0.0122398270915032,0.1106337520447681,26.629311152492143,0.1079179573136897,0.5569499916929405,0.027609305831042,34.87701458159908,0.0234946625524817,0.1532796873446764,28.34579961017077,-0.7123743991933609,0.6431129906696543
LightGBM,cluster,K1,ELEC_3-5-1,24,1963536,14615,66,level,r2,0,0.4315472053129001,1,104.0,31.8,results/stage6_panel_probe_global/predictions/lightgbm/cluster/K1/ELEC_3-5-1_predictions.csv,lag_1,0.2937803173188594,2026-07-20T13:13:34,0.0187921733840396,33.616909781761464,0.01130395855227,0.1063200759606109,28.73554467055018,0.037606842817789,0.437732513093621,0.0260355801111617,45.06466017518357,0.0226647494076255,0.150548163082867,35.657068113439784,-0.9296248865640044,0.6064556599711018
LightGBM,cluster,K1,ELEC_3-5-2,24,1963536,14615,66,level,r2,0,0.4315472053129001,1,104.1,31.8,results/stage6_panel_probe_global/predictions/lightgbm/cluster/K1/ELEC_3-5-2_predictions.csv,lag_1,0.2724708376245889,2026-07-20T13:13:34,0.0242581382357524,36.111014029091905,0.0087288022582763,0.0934280592663485,29.605444784317353,0.1223232860869432,0.5650530992826418,0.0268511807161163,36.971704498650695,0.0164912601398037,0.1284183014208012,30.673284942761303,-0.6581879826713457,0.6254537234303649
LightGBM,cluster,K1,ELEC_3-6-2,24,1963536,14615,66,level,r2,0,0.4315472053129001,1,104.2,31.8,results/stage6_panel_probe_global/predictions/lightgbm/cluster/K1/ELEC_3-6-2_predictions.csv,lag_1,0.2845504181412459,2026-07-20T13:13:34,0.0200514114430153,33.69262450005619,0.0125559467375518,0.1120533209572648,28.413217663289903,0.0273092421789635,0.4670643752935908,0.0244440645630379,38.461362035833346,0.0245296525315254,0.156619451319194,32.256851871650866,-0.9002761646493227,0.5693839447271644
LightGBM,cluster,K1,ELEC_3-8-3,24,1963536,14615,66,level,r2,0,0.4315472053129001,1,104.2,31.8,results/stage6_panel_probe_global/predictions/lightgbm/cluster/K1/ELEC_3-8-3_predictions.csv,lag_1,0.275332575742127,2026-07-20T13:13:35,0.0278401327833452,31.56380466485272,0.0122626701752661,0.1107369413306424,27.612669774116927,0.1107211797150932,0.6484897217085032,0.0336476226040479,36.89000264473586,0.023351112127418,0.1528107068481068,31.69655211414933,-0.6934035693869733,0.7837655656479212
LightGBM,cluster,K1,ELEC_3-13-2,24,1963536,14615,66,level,r2,0,0.4315472053129001,1,104.3,31.8,results/stage6_panel_probe_global/predictions/lightgbm/cluster/K1/ELEC_3-13-2_predictions.csv,lag_1,0.2092939086974032,2026-07-20T13:13:35,0.0244789801905686,37.207466927271405,0.0040397353298209,0.0635589122768866,30.48271541505266,0.3828016062129088,0.5701972463646559,0.0260533701631882,36.87622048718042,0.0064613422180803,0.0803824745705204,30.28184627048484,0.0128239319864896,0.6068700497291412
LightGBM,cluster,K1,ELEC_3-14-1,24,1963536,14615,66,level,r2,0,0.4315472053129001,1,104.4,31.8,results/stage6_panel_probe_global/predictions/lightgbm/cluster/K1/ELEC_3-14-1_predictions.csv,lag_1,0.2904652049016321,2026-07-20T13:13:35,0.0192572703801853,22.59654604500828,0.0232870184859945,0.1526008469373435,20.401063603118487,0.0428414462287424,0.4485661762785324,0.0224632231748138,25.6038539702065,0.0462558315010167,0.2150716892131941,20.82884631456727,-0.9012380142021126,0.5232435297156901
LightGBM,cluster,K1,ELEC_3-19-3,24,1963536,14615,66,level,r2,0,0.4315472053129001,1,104.5,31.8,results/stage6_panel_probe_global/predictions/lightgbm/cluster/K1/ELEC_3-19-3_predictions.csv,lag_1,0.2714766164282696,2026-07-20T13:13:35,0.0324227184214176,547503.9152330675,0.0148981067716067,0.1220578009453175,34.66689388067177,0.1311973893666241,0.7552334541563887,0.0377926789871689,417427.8346754033,0.0280701084466784,0.1675413633902936,38.86385400944044,-0.6369451416279519,0.8803177797222818
LightGBM,cluster,K1,ELEC_3-21-5,24,1963536,14615,66,level,r2,0,0.4315472053129001,1,104.6,31.8,results/stage6_panel_probe_global/predictions/lightgbm/cluster/K1/ELEC_3-21-5_predictions.csv,lag_1,0.2571574786246295,2026-07-20T13:13:35,0.0215065577036087,34.00982383567861,0.0049910583455481,0.0706474227806518,28.10166480427964,0.1788589730566058,0.5009595941462066,0.0236270958419018,33.51204100187501,0.0090448034956647,0.0951041718099933,28.56319465811041,-0.4880730131227555,0.5503540132704062
LightGBM,cluster,K1,ELEC_3-22-1,24,1963536,14615,66,level,r2,0,0.4315472053129001,1,104.6,31.8,results/stage6_panel_probe_global/predictions/lightgbm/cluster/K1/ELEC_3-22-1_predictions.csv,lag_1,0.28649916757762073,2026-07-20T13:13:35,0.019677853938772416,27.175626717060037,0.018009726748910992,0.13420032320717784,23.991761462882167,0.02963013155505534,0.4583629727588454,0.02223195385786367,28.734677226008813,0.03537676814699472,0.1880871291369899,24.22069726334386,-0.9061116435252046,0.5178564945260279
