model,target_household,combo_idx,fold,cv_type,cv_splits,seq_len,epochs_requested,batch_size,patience,learning_rate,loss,n_epochs,elapsed_s,updated_at,MAE,MAPE,MSE,RMSE,R2
Legacy1DCNNLSTM,ELEC_3-3-6,1,1,kfold,5,3,20,64,5,0.001,huber,12,146.025,2026-08-27T14:27:33,0.1906534880399704,37.01336979866028,0.0693404152989387,0.2633256829459268,0.2003051042556762
Legacy1DCNNLSTM,ELEC_3-3-6,1,2,kfold,5,3,20,64,5,0.001,huber,15,190.159,2026-08-27T14:30:46,0.1365946382284164,27.570322155952457,0.0664826929569244,0.2578423800637212,-0.226405382156372
Legacy1DCNNLSTM,ELEC_3-3-6,1,3,kfold,5,3,20,64,5,0.001,huber,12,157.325,2026-08-27T14:33:28,0.2377147823572158,42.22714304924011,0.0910199880599975,0.3016951906477754,0.2675308585166931
Legacy1DCNNLSTM,ELEC_3-3-6,1,4,kfold,5,3,20,64,5,0.001,huber,15,223.394,2026-08-27T14:37:14,0.1328493803739547,23.62697422504425,0.043843537569046,0.2093884848052681,0.2680583000183105
Legacy1DCNNLSTM,ELEC_3-3-6,1,5,kfold,5,3,20,64,5,0.001,huber,8,112.054,2026-08-27T14:39:10,0.1448126137256622,25.64907670021057,0.0760364606976509,0.2757470955380145,-0.0050816535949707
Legacy1DCNNLSTM,ELEC_3-3-6,2,1,kfold,5,6,20,64,5,0.001,huber,12,451.349,2026-08-27T14:46:46,0.2095264792442321,36.85520887374878,0.1030289083719253,0.3209811651357839,-0.1888915300369262
Legacy1DCNNLSTM,ELEC_3-3-6,2,2,kfold,5,6,20,64,5,0.001,huber,13,447.912,2026-08-27T14:54:18,0.1709299087524414,37.81717121601105,0.0689611360430717,0.2626045240339011,-0.2717390060424804
Legacy1DCNNLSTM,ELEC_3-3-6,2,3,kfold,5,6,20,64,5,0.001,huber,8,310.911,2026-08-27T14:59:33,0.2793497741222381,40.87441265583038,0.1409714967012405,0.3754617113651411,-0.1342616081237793
Legacy1DCNNLSTM,ELEC_3-3-6,2,4,kfold,5,6,20,64,5,0.001,huber,19,643.859,2026-08-27T15:10:21,0.1355939507484436,24.90275651216507,0.0450468547642231,0.2122424433618853,0.2479696273803711
Legacy1DCNNLSTM,ELEC_3-3-6,2,5,kfold,5,6,20,64,5,0.001,huber,15,574.076,2026-08-27T15:19:59,0.1327579915523529,26.79656147956848,0.0693464428186416,0.2633371276873841,0.0833498239517211
Legacy1DCNNLSTM,ELEC_3-3-6,3,1,kfold,5,3,20,64,5,0.0005,huber,14,197.368,2026-08-27T15:23:21,0.209400862455368,41.17501378059387,0.0851651355624198,0.2918306624781225,0.0178003907203674
Legacy1DCNNLSTM,ELEC_3-3-6,3,2,kfold,5,3,20,64,5,0.0005,huber,6,96.776,2026-08-27T15:25:01,0.405203104019165,125.01330375671388,4.9694647789001465,2.229229637991597,-90.67166137695312
Legacy1DCNNLSTM,ELEC_3-3-6,3,3,kfold,5,3,20,64,5,0.0005,huber,15,223.629,2026-08-27T15:28:48,0.202510118484497,30.717045068740845,0.0837292373180389,0.2893600478954186,0.3262020945549011
Legacy1DCNNLSTM,ELEC_3-3-6,3,4,kfold,5,3,20,64,5,0.0005,huber,17,699.173,2026-08-27T15:40:31,0.1575818806886673,32.25208520889282,0.0471503920853138,0.2171414103420022,0.2128523588180542
Legacy1DCNNLSTM,ELEC_3-3-6,3,5,kfold,5,3,20,64,5,0.0005,huber,6,84.937,2026-08-27T15:41:59,0.2945488393306732,74.61678981781006,0.1479599475860595,0.3846556220648017,-0.955796241760254
Legacy1DCNNLSTM,ELEC_3-3-6,4,1,kfold,5,6,20,64,5,0.0005,huber,15,475.29,2026-08-27T15:49:59,0.1941641867160797,36.365482211112976,0.0714984238147735,0.2673918918269093,0.1749513149261474
Legacy1DCNNLSTM,ELEC_3-3-6,4,2,kfold,5,6,20,64,5,0.0005,huber,12,433.763,2026-08-27T15:57:17,0.1562758684158325,31.182879209518433,0.0708882361650466,0.2662484481927485,-0.3072774410247803
Legacy1DCNNLSTM,ELEC_3-3-6,4,3,kfold,5,6,20,64,5,0.0005,huber,17,759.215,2026-08-27T16:10:01,0.2471729964017868,35.96077263355255,0.1156842410564422,0.3401238613453079,0.0692004561424255
Legacy1DCNNLSTM,ELEC_3-3-6,4,4,kfold,5,6,20,64,5,0.0005,huber,14,635.384,2026-08-27T16:20:42,0.1476754993200302,25.184032320976257,0.0550747141242027,0.234680024979125,0.0805605053901672
Legacy1DCNNLSTM,ELEC_3-3-6,4,5,kfold,5,6,20,64,5,0.0005,huber,10,444.285,2026-08-27T16:28:12,0.1476905047893524,30.375823378562927,0.0904306694865226,0.3007169258397715,-0.1953502893447876
Legacy1DCNNLSTM,ELEC_3-3-6,5,1,kfold,5,3,20,128,5,0.001,huber,20,207.842,2026-08-27T16:31:45,0.1635409742593765,26.94295644760132,0.0609078593552112,0.2467951769285843,0.2975567579269409
Legacy1DCNNLSTM,ELEC_3-3-6,5,2,kfold,5,3,20,128,5,0.001,huber,6,74.791,2026-08-27T16:33:04,0.1887900382280349,47.611528635025024,0.2168816030025482,0.4657054895559512,-3.00081205368042
Legacy1DCNNLSTM,ELEC_3-3-6,5,3,kfold,5,3,20,128,5,0.001,huber,20,204.201,2026-08-27T16:36:32,0.2104120701551437,35.588082671165466,0.0782094448804855,0.2796595159841437,0.3706217408180237
Legacy1DCNNLSTM,ELEC_3-3-6,5,4,kfold,5,3,20,128,5,0.001,huber,14,150.329,2026-08-27T16:39:08,0.1529248207807541,31.26239776611328,0.0467860847711563,0.216300912552759,0.2189342379570007
Legacy1DCNNLSTM,ELEC_3-3-6,5,5,kfold,5,3,20,128,5,0.001,huber,16,175.895,2026-08-27T16:42:09,0.1268050521612167,23.35563600063324,0.0659136101603508,0.2567364605200258,0.1287263631820678
Legacy1DCNNLSTM,ELEC_3-3-6,6,1,kfold,5,6,20,128,5,0.001,huber,20,576.372,2026-08-27T16:51:50,0.1847471892833709,31.02453351020813,0.0734033584594726,0.2709305417620403,0.1529695391654968
Legacy1DCNNLSTM,ELEC_3-3-6,6,2,kfold,5,6,20,128,5,0.001,huber,20,43891.793,2026-08-28T05:03:30,0.1875842362642288,38.56975138187408,0.0804921090602874,0.2837113128873917,-0.4843860864639282
Legacy1DCNNLSTM,ELEC_3-3-6,6,3,kfold,5,6,20,128,5,0.001,huber,17,16672.246,2026-08-28T09:41:29,0.2052518278360366,31.598210334777832,0.0853078737854957,0.2920751166831843,0.313609778881073
Legacy1DCNNLSTM,ELEC_3-3-6,6,4,kfold,5,6,20,128,5,0.001,huber,20,397.672,2026-08-28T09:48:12,0.145908921957016,26.20531320571899,0.0495682209730148,0.2226392170598316,0.1724880933761596
Legacy1DCNNLSTM,ELEC_3-3-6,6,5,kfold,5,6,20,128,5,0.001,huber,13,309.589,2026-08-28T09:53:30,0.1614828705787658,35.108983516693115,0.0766936242580413,0.2769361375083457,-0.0137683153152465
Legacy1DCNNLSTM,ELEC_3-3-6,7,1,kfold,5,3,20,128,5,0.0005,huber,16,161.515,2026-08-28T09:56:17,0.197228655219078,35.459691286087036,0.0834170207381248,0.2888200490584489,0.0379611849784851
Legacy1DCNNLSTM,ELEC_3-3-6,7,2,kfold,5,3,20,128,5,0.0005,huber,7,75.02,2026-08-28T09:57:37,0.5581433773040771,124.78724718093872,2.098765134811402,1.448711542996535,-37.71589660644531
Legacy1DCNNLSTM,ELEC_3-3-6,7,3,kfold,5,3,20,128,5,0.0005,huber,20,200.468,2026-08-28T10:01:04,0.2537905275821686,39.380258321762085,0.1211458146572113,0.3480600733454087,0.0250980257987976
Legacy1DCNNLSTM,ELEC_3-3-6,7,4,kfold,5,3,20,128,5,0.0005,huber,15,142.016,2026-08-28T10:03:31,0.1795766055583953,35.3682667016983,0.0575837418437004,0.2399661264505897,0.0386737585067749
Legacy1DCNNLSTM,ELEC_3-3-6,7,5,kfold,5,3,20,128,5,0.0005,huber,15,136.787,2026-08-28T10:05:54,0.1659563779830932,34.56006050109863,0.0955214500427246,0.309065446212812,-0.2626422643661499
Legacy1DCNNLSTM,ELEC_3-3-6,8,1,kfold,5,6,20,128,5,0.0005,huber,20,506.806,2026-08-28T10:14:28,0.1808960735797882,34.620580077171326,0.0644624903798103,0.2538946442519226,0.256141722202301
Legacy1DCNNLSTM,ELEC_3-3-6,8,2,kfold,5,6,20,128,5,0.0005,huber,20,533.343,2026-08-28T10:23:28,0.1934670656919479,35.594362020492554,0.1385437548160553,0.3722146622797862,-1.554939031600952
Legacy1DCNNLSTM,ELEC_3-3-6,8,3,kfold,5,6,20,128,5,0.0005,huber,20,595.862,2026-08-28T10:33:31,0.2375828027725219,41.078221797943115,0.093325063586235,0.3054915114798364,0.2491032481193542
Legacy1DCNNLSTM,ELEC_3-3-6,8,4,kfold,5,6,20,128,5,0.0005,huber,15,477.205,2026-08-28T10:41:39,0.1659925282001495,29.23782467842102,0.0686188787221908,0.2619520542431207,-0.145551323890686
Legacy1DCNNLSTM,ELEC_3-3-6,8,5,kfold,5,6,20,128,5,0.0005,huber,20,884.191,2026-08-28T10:56:29,0.1412627547979354,29.349228739738464,0.0738821998238563,0.2718128029064421,0.023394227027893
Legacy1DCNNLSTM,ELEC_1-8-3,1,1,kfold,5,3,20,64,5,0.001,huber,15,171.719,2026-08-28T14:32:15,0.1774315983057022,87.15050220489502,0.06966012716293335,0.26393205027607647,-0.8149323463439941
Legacy1DCNNLSTM,ELEC_1-8-3,1,2,kfold,5,3,20,64,5,0.001,huber,8,97.577,2026-08-28T14:33:54,0.380370557308197,282.64503479003906,1.6461089849472046,1.2830077883423796,-50.61203384399414
Legacy1DCNNLSTM,ELEC_1-8-3,1,3,kfold,5,3,20,64,5,0.001,huber,13,161.194,2026-08-28T14:36:38,0.1776255965232849,61.34387254714966,0.07626716792583466,0.27616510989955745,0.04549765586853027
Legacy1DCNNLSTM,ELEC_1-8-3,1,4,kfold,5,3,20,64,5,0.001,huber,11,145.086,2026-08-28T14:39:06,0.1628689467906952,81.86324834823608,0.045287124812603,0.21280771793476616,-0.2948821783065796
Legacy1DCNNLSTM,ELEC_1-8-3,1,5,kfold,5,3,20,64,5,0.001,huber,8,106.828,2026-08-28T14:40:55,0.15661431849002838,56.67324662208557,0.10476548224687576,0.32367496388642075,-0.2825881242752075
Legacy1DCNNLSTM,ELEC_1-8-3,2,1,kfold,5,6,20,64,5,0.001,huber,11,430.2,2026-08-28T14:48:09,0.13803286850452423,66.33713245391846,0.04499455913901329,0.21211920973597204,-0.17243802547454834
Legacy1DCNNLSTM,ELEC_1-8-3,2,2,kfold,5,6,20,64,5,0.001,huber,11,444.199,2026-08-28T14:55:36,0.16010119020938873,97.70421981811523,0.4507852792739868,0.671405450733003,-13.12985897064209
Legacy1DCNNLSTM,ELEC_1-8-3,2,3,kfold,5,6,20,64,5,0.001,huber,16,652.119,2026-08-28T15:06:32,0.18661192059516907,67.72536039352417,0.07980089634656906,0.2824905243482851,0.0014815926551818848
Legacy1DCNNLSTM,ELEC_1-8-3,2,4,kfold,5,6,20,64,5,0.001,huber,13,505.156,2026-08-28T15:15:01,0.150453120470047,71.56354188919067,0.042088910937309265,0.20515582111485228,-0.20343661308288574
Legacy1DCNNLSTM,ELEC_1-8-3,2,5,kfold,5,6,20,64,5,0.001,huber,15,548.17,2026-08-28T15:24:13,0.14119644463062286,46.19956910610199,0.10335885733366013,0.321494723648243,-0.2653675079345703
Legacy1DCNNLSTM,ELEC_1-8-3,3,1,kfold,5,3,20,64,5,0.0005,huber,10,147.456,2026-08-28T15:26:43,0.44417959451675415,232.3749542236328,8.432777404785156,2.903924483313083,-218.7084503173828
Legacy1DCNNLSTM,ELEC_1-8-3,3,2,kfold,5,3,20,64,5,0.0005,huber,12,190.003,2026-08-28T15:29:57,0.28580930829048157,194.83988285064697,1.8126888275146484,1.3463613287355845,-55.8349723815918
Legacy1DCNNLSTM,ELEC_1-8-3,3,3,kfold,5,3,20,64,5,0.0005,huber,13,187.117,2026-08-28T15:33:07,0.2390204668045044,95.04637718200684,0.11599785834550858,0.3405845832469646,-0.45174169540405273
Legacy1DCNNLSTM,ELEC_1-8-3,3,4,kfold,5,3,20,64,5,0.0005,huber,20,288.519,2026-08-28T15:37:59,0.13542887568473816,53.56485843658447,0.043235067278146744,0.20793043855613527,-0.23620831966400146
Legacy1DCNNLSTM,ELEC_1-8-3,3,5,kfold,5,3,20,64,5,0.0005,huber,6,92.993,2026-08-28T15:39:36,0.21839278936386108,73.54269027709961,0.1803116649389267,0.4246312105096924,-1.2074599266052246
Legacy1DCNNLSTM,ELEC_1-8-3,4,1,kfold,5,6,20,64,5,0.0005,huber,19,762.603,2026-08-28T15:52:24,0.14483481645584106,65.69237112998962,0.06880107522010803,0.26229959058318797,-0.7927724123001099
Legacy1DCNNLSTM,ELEC_1-8-3,4,2,kfold,5,6,20,64,5,0.0005,huber,13,512.665,2026-08-28T16:01:01,0.1359294056892395,82.24196434020996,0.05264994874596596,0.22945576642561405,-0.6503119468688965
Legacy1DCNNLSTM,ELEC_1-8-3,4,3,kfold,5,6,20,64,5,0.0005,huber,16,653.465,2026-08-28T16:11:59,0.17956997454166412,64.89481329917908,0.0757637619972229,0.2752521789145781,0.05199676752090454
Legacy1DCNNLSTM,ELEC_1-8-3,4,4,kfold,5,6,20,64,5,0.0005,huber,10,463.066,2026-08-28T16:19:51,0.13745753467082977,50.45247673988342,0.048041924834251404,0.2191846820246602,-0.3736494779586792
Legacy1DCNNLSTM,ELEC_1-8-3,4,5,kfold,5,6,20,64,5,0.0005,huber,18,810.843,2026-08-28T16:33:28,0.11752087622880936,42.15248227119446,0.08697830885648727,0.2949208518509454,-0.06482923030853271
Legacy1DCNNLSTM,ELEC_1-8-3,5,1,kfold,5,3,20,128,5,0.001,huber,13,118.027,2026-08-28T16:35:30,0.1367003172636032,57.02560544013977,0.05158434435725212,0.2271218711556686,-0.34398388862609863
Legacy1DCNNLSTM,ELEC_1-8-3,5,2,kfold,5,3,20,128,5,0.001,huber,16,139.67,2026-08-28T16:37:53,0.1219259649515152,68.65792870521545,0.04420972242951393,0.21026108158552292,-0.3861497640609741
Legacy1DCNNLSTM,ELEC_1-8-3,5,3,kfold,5,3,20,128,5,0.001,huber,16,138.866,2026-08-28T16:40:16,0.18312212824821472,65.7116949558258,0.08094741404056549,0.2845125903023722,-0.0130767822265625
Legacy1DCNNLSTM,ELEC_1-8-3,5,4,kfold,5,3,20,128,5,0.001,huber,18,157.603,2026-08-28T16:42:58,0.13037283718585968,48.18674325942993,0.04390726611018181,0.20954060730603463,-0.2554283142089844
Legacy1DCNNLSTM,ELEC_1-8-3,5,5,kfold,5,3,20,128,5,0.001,huber,14,123.957,2026-08-28T16:45:06,0.10898996889591217,40.64050018787384,0.07954954355955124,0.2820452863629372,0.02611720561981201
Legacy1DCNNLSTM,ELEC_1-8-3,6,1,kfold,5,6,20,128,5,0.001,huber,13,340.044,2026-08-28T16:50:51,0.15142816305160522,74.42480325698853,0.04665442928671837,0.21599636405902384,-0.21568989753723145
Legacy1DCNNLSTM,ELEC_1-8-3,6,2,kfold,5,6,20,128,5,0.001,huber,18,445.356,2026-08-28T16:58:21,0.15225669741630554,90.5716061592102,0.0629069060087204,0.25081249173181225,-0.9718160629272461
Legacy1DCNNLSTM,ELEC_1-8-3,6,3,kfold,5,6,20,128,5,0.001,huber,17,429.685,2026-08-28T17:05:36,0.17951305210590363,66.70595407485962,0.07356496155261993,0.271228614922209,0.079509437084198
Legacy1DCNNLSTM,ELEC_1-8-3,6,4,kfold,5,6,20,128,5,0.001,huber,17,464.073,2026-08-28T17:13:26,0.11817317456007004,49.9253123998642,0.03503035381436348,0.187163975738825,-0.0016132593154907227
Legacy1DCNNLSTM,ELEC_1-8-3,6,5,kfold,5,6,20,128,5,0.001,huber,20,522.927,2026-08-28T17:22:16,0.11968617886304855,45.11835277080536,0.09831229597330093,0.31354791655072584,-0.20358514785766602
Legacy1DCNNLSTM,ELEC_1-8-3,7,1,kfold,5,3,20,128,5,0.0005,huber,6,72.112,2026-08-28T17:23:33,0.5043924450874329,306.5464496612549,0.32261013984680176,0.5679877990298751,-7.405318260192871
Legacy1DCNNLSTM,ELEC_1-8-3,7,2,kfold,5,3,20,128,5,0.0005,huber,6,75.948,2026-08-28T17:24:54,0.5384162664413452,386.5342378616333,0.3748758137226105,0.612271029628718,-10.753840446472168
Legacy1DCNNLSTM,ELEC_1-8-3,7,3,kfold,5,3,20,128,5,0.0005,huber,6,71.024,2026-08-28T17:26:10,0.2266763299703598,100.99900960922241,0.0913536548614502,0.3022476713912784,-0.14331352710723877
Legacy1DCNNLSTM,ELEC_1-8-3,7,4,kfold,5,3,20,128,5,0.0005,huber,6,76.157,2026-08-28T17:27:32,0.3811241686344147,158.8905930519104,0.1804567575454712,0.4248020215882584,-4.159749984741211
Legacy1DCNNLSTM,ELEC_1-8-3,7,5,kfold,5,3,20,128,5,0.0005,huber,8,94.147,2026-08-28T17:29:12,0.1919533759355545,63.12324404716492,0.12359966337680817,0.3515674378790052,-0.5131649971008301
Legacy1DCNNLSTM,ELEC_1-8-3,8,1,kfold,5,6,20,128,5,0.0005,huber,20,568.687,2026-08-28T17:38:48,0.16470400989055634,85.83629727363586,0.1485733836889267,0.38545218080707067,-2.8714258670806885
Legacy1DCNNLSTM,ELEC_1-8-3,8,2,kfold,5,6,20,128,5,0.0005,huber,18,442.78,2026-08-28T17:46:17,0.17962703108787537,108.558189868927,0.3646702468395233,0.6038793313564584,-10.430583953857422
Legacy1DCNNLSTM,ELEC_1-8-3,8,3,kfold,5,6,20,128,5,0.0005,huber,20,559.794,2026-08-28T17:55:48,0.1884087175130844,70.86619138717651,0.07736478000879288,0.27814524984042577,0.0319637656211853
Legacy1DCNNLSTM,ELEC_1-8-3,8,4,kfold,5,6,20,128,5,0.0005,huber,20,583.821,2026-08-28T18:05:39,0.1344636231660843,63.850635290145874,0.03606148064136505,0.18989860621227594,-0.03109586238861084
Legacy1DCNNLSTM,ELEC_1-8-3,8,5,kfold,5,6,20,128,5,0.0005,huber,20,9571.521,2026-08-28T21:13:20,0.1364268958568573,57.0095956325531,0.10453609377145767,0.3233204196636174,-0.2797797918319702
