domain,model,model_name,k,interval,condition,cluster_sizes,control_MAE,control_MAPE,control_MSE,control_RMSE,control_MSLE,control_MBE,control_R2,exp1_c0_MAE,exp1_c0_MAPE,exp1_c0_MSE,exp1_c0_RMSE,exp1_c0_MSLE,exp1_c0_MBE,exp1_c0_R2,exp1_c1_MAE,exp1_c1_MAPE,exp1_c1_MSE,exp1_c1_RMSE,exp1_c1_MSLE,exp1_c1_MBE,exp1_c1_R2,exp1_c2_MAE,exp1_c2_MAPE,exp1_c2_MSE,exp1_c2_RMSE,exp1_c2_MSLE,exp1_c2_MBE,exp1_c2_R2,exp2_sum_MAE,exp2_sum_MAPE,exp2_sum_MSE,exp2_sum_RMSE,exp2_sum_MSLE,exp2_sum_MBE,exp2_sum_R2,exp2_minus_control_R2,exp2_minus_control_RMSE
ELEC,CB,CatBoost,2,1M,K2M,206|142,7.5317,0.0607,98.26,9.9126,0.0061,0.2162,0.9171,3.8109,0.0622,24.3293,4.9325,0.0059,-0.385,0.917,4.6152,0.0728,36.6816,6.0565,0.0086,1.0769,0.8839,,,,,,,,7.1169,0.0568,88.0167,9.3817,0.0053,0.6919,0.9258,0.0087,-0.5309
ELEC,CB,CatBoost,2,1W,K2W,210|138,7.5317,0.0607,98.26,9.9126,0.0061,0.2162,0.9171,3.9279,0.0624,25.7775,5.0772,0.006,-0.2043,0.9177,4.5039,0.073,34.6979,5.8905,0.0086,0.8803,0.8828,,,,,,,,7.1384,0.057,88.3254,9.3982,0.0054,0.676,0.9255,0.0084,-0.5144
ELEC,CB,CatBoost,3,1M,K3M,173|80|95,7.5317,0.0607,98.26,9.9126,0.0061,0.2162,0.9171,3.8192,0.0623,25.3819,5.038,0.0062,-0.1245,0.917,3.1366,0.0811,16.7049,4.0872,0.0103,0.3891,0.8666,1.9229,0.0775,6.068,2.4633,0.0087,0.3811,0.8623,7.0108,0.0562,85.2211,9.2315,0.0053,0.6457,0.9281,0.011,-0.6811
ELEC,CB,CatBoost,3,1W,K3W,93|83|172,7.5317,0.0607,98.26,9.9126,0.0061,0.2162,0.9171,1.9019,0.0783,5.9633,2.442,0.0089,0.3551,0.859,3.1898,0.08,17.3318,4.1631,0.01,0.388,0.8676,3.7936,0.0628,24.9075,4.9907,0.0063,-0.2556,0.9174,7.0237,0.0564,85.3271,9.2373,0.0053,0.4875,0.928,0.0109,-0.6753
ELEC,DT,DecisionTree,2,1M,K2M,209|139,12.087,0.0986,306.7734,17.5149,0.0171,-1.105,0.7412,6.0858,0.0941,79.6242,8.9232,0.0151,-0.4227,0.7428,6.8541,0.1132,82.196,9.0662,0.0197,-0.4951,0.7255,,,,,,,,10.6789,0.0857,208.0475,14.4239,0.0118,-0.9178,0.8245,0.0833,-3.091
ELEC,DT,DecisionTree,2,1W,K2W,210|138,12.1037,0.0987,308.7261,17.5706,0.0171,-1.1241,0.7396,6.3438,0.0986,87.384,9.3479,0.0166,-0.8328,0.7209,6.9421,0.1152,83.7088,9.1493,0.0206,-0.2025,0.7172,,,,,,,,10.9339,0.0883,216.6429,14.7188,0.0126,-1.0353,0.8172,0.0776,-2.8518
ELEC,DT,DecisionTree,3,1M,K3M,173|80|95,12.0754,0.0985,305.7548,17.4858,0.017,-1.0889,0.7421,5.7038,0.0939,60.7485,7.7941,0.0145,-0.5963,0.8013,4.0846,0.1037,29.0364,5.3885,0.0173,0.9643,0.7682,2.8627,0.1159,16.0722,4.009,0.0207,0.2456,0.6352,9.7988,0.0784,167.9416,12.9592,0.01,0.6136,0.8583,0.1162,-4.5266
ELEC,DT,DecisionTree,3,1W,K3W,49|136|163,12.0663,0.0983,308.2788,17.5579,0.017,-1.0567,0.7399,3.023,0.1154,15.7249,3.9655,0.021,0.9812,0.719,3.9753,0.1047,30.0416,5.481,0.0174,0.3048,0.7297,5.6954,0.0941,60.2229,7.7603,0.0142,-0.9903,0.7966,9.5937,0.0771,161.7199,12.7169,0.0096,0.2957,0.8636,0.1237,-4.841
ELEC,LGBM,LightGBM,2,1M,K2M,209|139,7.0793,0.0565,88.4126,9.4028,0.0053,0.8099,0.9254,3.6344,0.0575,22.8532,4.7805,0.0052,-0.0777,0.9262,4.2584,0.069,31.3496,5.5991,0.0078,0.7365,0.8953,,,,,,,,6.6832,0.0534,78.4177,8.8554,0.0048,0.6588,0.9338,0.0084,-0.5474
ELEC,LGBM,LightGBM,2,1W,K2W,138|210,7.0793,0.0565,88.4126,9.4028,0.0053,0.8099,0.9254,4.2938,0.0701,31.5808,5.6197,0.0079,0.6969,0.8933,3.7105,0.0585,23.7884,4.8773,0.0053,-0.1705,0.924,,,,,,,,6.7776,0.0543,80.4058,8.9669,0.0049,0.5264,0.9322,0.0068,-0.4359
ELEC,LGBM,LightGBM,3,1M,K3M,171|80|97,7.0793,0.0565,88.4126,9.4028,0.0053,0.8099,0.9254,3.5832,0.0591,22.158,4.7072,0.0055,-0.0942,0.9263,3.0141,0.0777,15.5654,3.9453,0.0095,0.4359,0.8757,1.837,0.0712,5.734,2.3946,0.0076,0.5609,0.8753,6.5698,0.0522,75.5554,8.6923,0.0046,0.9026,0.9363,0.0109,-0.7105
ELEC,LGBM,LightGBM,3,1W,K3W,103|78|167,7.0793,0.0565,88.4126,9.4028,0.0053,0.8099,0.9254,1.968,0.0699,6.5965,2.5684,0.0073,0.5636,0.8816,2.9637,0.0786,15.0558,3.8802,0.0097,0.354,0.8734,3.4877,0.0587,21.1657,4.6006,0.0055,-0.0483,0.9262,6.5512,0.0521,75.4547,8.6865,0.0046,0.8694,0.9363,0.0109,-0.7163
ELEC,RF,RandomForest,2,1M,K2M,206|142,9.7887,0.0806,174.7448,13.2191,0.0108,-1.4379,0.8526,4.9629,0.0819,44.0824,6.6395,0.0105,-1.0757,0.8497,5.3278,0.0872,47.4262,6.8867,0.0118,-0.0267,0.8499,,,,,,,,8.9798,0.074,137.8106,11.7393,0.0087,-1.1024,0.8837,0.0311,-1.4798
ELEC,RF,RandomForest,2,1W,K2W,206|142,9.8727,0.0814,178.4545,13.3587,0.011,-1.5195,0.8495,4.9661,0.0819,44.1937,6.6478,0.0105,-1.0663,0.8493,5.3396,0.0875,47.6123,6.9002,0.0119,-0.0358,0.8493,,,,,,,,9.0007,0.0742,138.4693,11.7673,0.0088,-1.1021,0.8832,0.0337,-1.5914
ELEC,RF,RandomForest,3,1M,K3M,121|167|60,9.7679,0.0806,173.9163,13.1877,0.0108,-1.5287,0.8533,2.9197,0.0876,14.7863,3.8453,0.0114,0.2083,0.8255,4.8923,0.0836,40.294,6.3478,0.0108,-1.3911,0.8622,2.9324,0.0948,14.9583,3.8676,0.0141,0.7587,0.8116,8.5922,0.07,127.1499,11.2761,0.0079,-0.4241,0.8927,0.0394,-1.9116
ELEC,RF,RandomForest,3,1W,K3W,163|136|49,9.765,0.0805,174.099,13.1947,0.0108,-1.5153,0.8531,4.7089,0.0801,37.2094,6.0999,0.0097,-1.4478,0.8743,3.3482,0.0884,19.2291,4.3851,0.0117,0.1299,0.827,2.6518,0.1015,12.0477,3.471,0.0158,0.837,0.7847,8.542,0.0695,124.86,11.1741,0.0077,-0.4809,0.8947,0.0416,-2.0206
ELEC,XGB,XGBoost,2,1M,K2M,142|206,8.3994,0.0675,124.0252,11.1367,0.0075,0.3341,0.8954,5.0342,0.0798,43.4343,6.5905,0.0102,0.8292,0.8626,4.3735,0.0711,33.8049,5.8142,0.0079,-0.6742,0.8847,,,,,,,,7.7061,0.0617,104.465,10.2208,0.0063,0.1551,0.9119,0.0165,-0.9159
ELEC,XGB,XGBoost,2,1W,K2W,138|210,8.3994,0.0675,124.0252,11.1367,0.0075,0.3341,0.8954,4.8678,0.0795,40.1529,6.3366,0.0101,0.5949,0.8643,4.4234,0.07,34.5773,5.8803,0.0076,-0.8396,0.8896,,,,,,,,7.6299,0.0613,100.5399,10.027,0.0061,-0.2447,0.9152,0.0198,-1.1097
ELEC,XGB,XGBoost,3,1M,K3M,120|165|63,8.3994,0.0675,124.0252,11.1367,0.0075,0.3341,0.8954,2.6559,0.0795,12.1166,3.4809,0.0095,0.4636,0.8534,4.1145,0.069,29.1368,5.3979,0.0076,-0.1293,0.8989,2.8427,0.0897,13.6763,3.6981,0.0124,0.4228,0.8369,7.2039,0.0576,90.3702,9.5063,0.0055,0.7571,0.9238,0.0284,-1.6304
ELEC,XGB,XGBoost,3,1W,K3W,103|78|167,8.3994,0.0675,124.0252,11.1367,0.0075,0.3341,0.8954,2.2668,0.0809,8.771,2.9616,0.0099,0.6611,0.8425,3.2884,0.0868,18.3002,4.2779,0.0117,0.4949,0.8461,4.1215,0.0694,29.5289,5.434,0.0076,-0.351,0.8971,7.2581,0.0578,91.2384,9.5519,0.0055,0.8051,0.923,0.0276,-1.5848
