source_file,source_path,source_sha256,duplicate_kirbs_sha256,duplicate_kirbs_same,domain,model,model_name,k,interval,condition,cluster_sizes,group_label_ko,group_family,group_type,group_id,MAE,MAPE,MSE,RMSE,MSLE,MBE,R2
ELEC_Comparison_CB_K2M.txt,/Users/labq_s.h.ryu/repo_5Energy_Clustering/Src_Energy_M02/ELEC_Comparison_CB_K2M.txt,3a4f326ba7b9bfb88fa920f356f95522e6a538d0b17ccad6efdd6bc7bbca279c,3a4f326ba7b9bfb88fa920f356f95522e6a538d0b17ccad6efdd6bc7bbca279c,true,ELEC,CB,CatBoost,2,1M,K2M,206|142,대조군 : 군집화 X,control,no_clustering,ALL,7.5317,0.0607,98.26,9.9126,0.0061,0.2162,0.9171
ELEC_Comparison_CB_K2M.txt,/Users/labq_s.h.ryu/repo_5Energy_Clustering/Src_Energy_M02/ELEC_Comparison_CB_K2M.txt,3a4f326ba7b9bfb88fa920f356f95522e6a538d0b17ccad6efdd6bc7bbca279c,3a4f326ba7b9bfb88fa920f356f95522e6a538d0b17ccad6efdd6bc7bbca279c,true,ELEC,CB,CatBoost,2,1M,K2M,206|142,실험군 01-01 : C0 군집의 합,experimental_1,cluster_direct,C0,3.8109,0.0622,24.3293,4.9325,0.0059,-0.385,0.917
ELEC_Comparison_CB_K2M.txt,/Users/labq_s.h.ryu/repo_5Energy_Clustering/Src_Energy_M02/ELEC_Comparison_CB_K2M.txt,3a4f326ba7b9bfb88fa920f356f95522e6a538d0b17ccad6efdd6bc7bbca279c,3a4f326ba7b9bfb88fa920f356f95522e6a538d0b17ccad6efdd6bc7bbca279c,true,ELEC,CB,CatBoost,2,1M,K2M,206|142,실험군 01-02 : C1 군집의 합,experimental_1,cluster_direct,C1,4.6152,0.0728,36.6816,6.0565,0.0086,1.0769,0.8839
ELEC_Comparison_CB_K2M.txt,/Users/labq_s.h.ryu/repo_5Energy_Clustering/Src_Energy_M02/ELEC_Comparison_CB_K2M.txt,3a4f326ba7b9bfb88fa920f356f95522e6a538d0b17ccad6efdd6bc7bbca279c,3a4f326ba7b9bfb88fa920f356f95522e6a538d0b17ccad6efdd6bc7bbca279c,true,ELEC,CB,CatBoost,2,1M,K2M,206|142,실험군 02 : 모든 군집의 합,experimental_2,sum_of_cluster_predictions,SUM,7.1169,0.0568,88.0167,9.3817,0.0053,0.6919,0.9258
ELEC_Comparison_CB_K2W.txt,/Users/labq_s.h.ryu/repo_5Energy_Clustering/Src_Energy_M02/ELEC_Comparison_CB_K2W.txt,d74865451c2321b5fe56ef17beaef4ef180b85a728797e8c3fedfe1df188af02,d74865451c2321b5fe56ef17beaef4ef180b85a728797e8c3fedfe1df188af02,true,ELEC,CB,CatBoost,2,1W,K2W,210|138,대조군 : 군집화 X,control,no_clustering,ALL,7.5317,0.0607,98.26,9.9126,0.0061,0.2162,0.9171
ELEC_Comparison_CB_K2W.txt,/Users/labq_s.h.ryu/repo_5Energy_Clustering/Src_Energy_M02/ELEC_Comparison_CB_K2W.txt,d74865451c2321b5fe56ef17beaef4ef180b85a728797e8c3fedfe1df188af02,d74865451c2321b5fe56ef17beaef4ef180b85a728797e8c3fedfe1df188af02,true,ELEC,CB,CatBoost,2,1W,K2W,210|138,실험군 01-01 : C0 군집의 합,experimental_1,cluster_direct,C0,3.9279,0.0624,25.7775,5.0772,0.006,-0.2043,0.9177
ELEC_Comparison_CB_K2W.txt,/Users/labq_s.h.ryu/repo_5Energy_Clustering/Src_Energy_M02/ELEC_Comparison_CB_K2W.txt,d74865451c2321b5fe56ef17beaef4ef180b85a728797e8c3fedfe1df188af02,d74865451c2321b5fe56ef17beaef4ef180b85a728797e8c3fedfe1df188af02,true,ELEC,CB,CatBoost,2,1W,K2W,210|138,실험군 01-02 : C1 군집의 합,experimental_1,cluster_direct,C1,4.5039,0.073,34.6979,5.8905,0.0086,0.8803,0.8828
ELEC_Comparison_CB_K2W.txt,/Users/labq_s.h.ryu/repo_5Energy_Clustering/Src_Energy_M02/ELEC_Comparison_CB_K2W.txt,d74865451c2321b5fe56ef17beaef4ef180b85a728797e8c3fedfe1df188af02,d74865451c2321b5fe56ef17beaef4ef180b85a728797e8c3fedfe1df188af02,true,ELEC,CB,CatBoost,2,1W,K2W,210|138,실험군 02 : 모든 군집의 합,experimental_2,sum_of_cluster_predictions,SUM,7.1384,0.057,88.3254,9.3982,0.0054,0.676,0.9255
ELEC_Comparison_CB_K3M.txt,/Users/labq_s.h.ryu/repo_5Energy_Clustering/Src_Energy_M02/ELEC_Comparison_CB_K3M.txt,3485e72701b59229d1d7185d2d958e2bc1a75f06adda9a78ea6be0b5a1b87d3a,3485e72701b59229d1d7185d2d958e2bc1a75f06adda9a78ea6be0b5a1b87d3a,true,ELEC,CB,CatBoost,3,1M,K3M,173|80|95,대조군 : 군집화 X,control,no_clustering,ALL,7.5317,0.0607,98.26,9.9126,0.0061,0.2162,0.9171
ELEC_Comparison_CB_K3M.txt,/Users/labq_s.h.ryu/repo_5Energy_Clustering/Src_Energy_M02/ELEC_Comparison_CB_K3M.txt,3485e72701b59229d1d7185d2d958e2bc1a75f06adda9a78ea6be0b5a1b87d3a,3485e72701b59229d1d7185d2d958e2bc1a75f06adda9a78ea6be0b5a1b87d3a,true,ELEC,CB,CatBoost,3,1M,K3M,173|80|95,실험군 01-01 : C0 군집의 합,experimental_1,cluster_direct,C0,3.8192,0.0623,25.3819,5.038,0.0062,-0.1245,0.917
ELEC_Comparison_CB_K3M.txt,/Users/labq_s.h.ryu/repo_5Energy_Clustering/Src_Energy_M02/ELEC_Comparison_CB_K3M.txt,3485e72701b59229d1d7185d2d958e2bc1a75f06adda9a78ea6be0b5a1b87d3a,3485e72701b59229d1d7185d2d958e2bc1a75f06adda9a78ea6be0b5a1b87d3a,true,ELEC,CB,CatBoost,3,1M,K3M,173|80|95,실험군 01-02 : C1 군집의 합,experimental_1,cluster_direct,C1,3.1366,0.0811,16.7049,4.0872,0.0103,0.3891,0.8666
ELEC_Comparison_CB_K3M.txt,/Users/labq_s.h.ryu/repo_5Energy_Clustering/Src_Energy_M02/ELEC_Comparison_CB_K3M.txt,3485e72701b59229d1d7185d2d958e2bc1a75f06adda9a78ea6be0b5a1b87d3a,3485e72701b59229d1d7185d2d958e2bc1a75f06adda9a78ea6be0b5a1b87d3a,true,ELEC,CB,CatBoost,3,1M,K3M,173|80|95,실험군 01-03 : C2 군집의 합,experimental_1,cluster_direct,C2,1.9229,0.0775,6.068,2.4633,0.0087,0.3811,0.8623
ELEC_Comparison_CB_K3M.txt,/Users/labq_s.h.ryu/repo_5Energy_Clustering/Src_Energy_M02/ELEC_Comparison_CB_K3M.txt,3485e72701b59229d1d7185d2d958e2bc1a75f06adda9a78ea6be0b5a1b87d3a,3485e72701b59229d1d7185d2d958e2bc1a75f06adda9a78ea6be0b5a1b87d3a,true,ELEC,CB,CatBoost,3,1M,K3M,173|80|95,실험군 02 : 모든 군집의 합,experimental_2,sum_of_cluster_predictions,SUM,7.0108,0.0562,85.2211,9.2315,0.0053,0.6457,0.9281
ELEC_Comparison_CB_K3W.txt,/Users/labq_s.h.ryu/repo_5Energy_Clustering/Src_Energy_M02/ELEC_Comparison_CB_K3W.txt,4587ccdcc2530d43f9c417ea9d59d0aac02aed46c324ce1fc08e7d6885001dfd,4587ccdcc2530d43f9c417ea9d59d0aac02aed46c324ce1fc08e7d6885001dfd,true,ELEC,CB,CatBoost,3,1W,K3W,93|83|172,대조군 : 군집화 X,control,no_clustering,ALL,7.5317,0.0607,98.26,9.9126,0.0061,0.2162,0.9171
ELEC_Comparison_CB_K3W.txt,/Users/labq_s.h.ryu/repo_5Energy_Clustering/Src_Energy_M02/ELEC_Comparison_CB_K3W.txt,4587ccdcc2530d43f9c417ea9d59d0aac02aed46c324ce1fc08e7d6885001dfd,4587ccdcc2530d43f9c417ea9d59d0aac02aed46c324ce1fc08e7d6885001dfd,true,ELEC,CB,CatBoost,3,1W,K3W,93|83|172,실험군 01-01 : C0 군집의 합,experimental_1,cluster_direct,C0,1.9019,0.0783,5.9633,2.442,0.0089,0.3551,0.859
ELEC_Comparison_CB_K3W.txt,/Users/labq_s.h.ryu/repo_5Energy_Clustering/Src_Energy_M02/ELEC_Comparison_CB_K3W.txt,4587ccdcc2530d43f9c417ea9d59d0aac02aed46c324ce1fc08e7d6885001dfd,4587ccdcc2530d43f9c417ea9d59d0aac02aed46c324ce1fc08e7d6885001dfd,true,ELEC,CB,CatBoost,3,1W,K3W,93|83|172,실험군 01-02 : C1 군집의 합,experimental_1,cluster_direct,C1,3.1898,0.08,17.3318,4.1631,0.01,0.388,0.8676
ELEC_Comparison_CB_K3W.txt,/Users/labq_s.h.ryu/repo_5Energy_Clustering/Src_Energy_M02/ELEC_Comparison_CB_K3W.txt,4587ccdcc2530d43f9c417ea9d59d0aac02aed46c324ce1fc08e7d6885001dfd,4587ccdcc2530d43f9c417ea9d59d0aac02aed46c324ce1fc08e7d6885001dfd,true,ELEC,CB,CatBoost,3,1W,K3W,93|83|172,실험군 01-03 : C2 군집의 합,experimental_1,cluster_direct,C2,3.7936,0.0628,24.9075,4.9907,0.0063,-0.2556,0.9174
ELEC_Comparison_CB_K3W.txt,/Users/labq_s.h.ryu/repo_5Energy_Clustering/Src_Energy_M02/ELEC_Comparison_CB_K3W.txt,4587ccdcc2530d43f9c417ea9d59d0aac02aed46c324ce1fc08e7d6885001dfd,4587ccdcc2530d43f9c417ea9d59d0aac02aed46c324ce1fc08e7d6885001dfd,true,ELEC,CB,CatBoost,3,1W,K3W,93|83|172,실험군 02 : 모든 군집의 합,experimental_2,sum_of_cluster_predictions,SUM,7.0237,0.0564,85.3271,9.2373,0.0053,0.4875,0.928
ELEC_Comparison_DT_K2M.txt,/Users/labq_s.h.ryu/repo_5Energy_Clustering/Src_Energy_M02/ELEC_Comparison_DT_K2M.txt,0d639add298c5b7aac12ef59b072b9735c2ae7bfb3f161cbf2a2a87ccd3db669,0d639add298c5b7aac12ef59b072b9735c2ae7bfb3f161cbf2a2a87ccd3db669,true,ELEC,DT,DecisionTree,2,1M,K2M,209|139,대조군 : 군집화 X,control,no_clustering,ALL,12.087,0.0986,306.7734,17.5149,0.0171,-1.105,0.7412
ELEC_Comparison_DT_K2M.txt,/Users/labq_s.h.ryu/repo_5Energy_Clustering/Src_Energy_M02/ELEC_Comparison_DT_K2M.txt,0d639add298c5b7aac12ef59b072b9735c2ae7bfb3f161cbf2a2a87ccd3db669,0d639add298c5b7aac12ef59b072b9735c2ae7bfb3f161cbf2a2a87ccd3db669,true,ELEC,DT,DecisionTree,2,1M,K2M,209|139,실험군 01-01 : C0 군집의 합,experimental_1,cluster_direct,C0,6.0858,0.0941,79.6242,8.9232,0.0151,-0.4227,0.7428
ELEC_Comparison_DT_K2M.txt,/Users/labq_s.h.ryu/repo_5Energy_Clustering/Src_Energy_M02/ELEC_Comparison_DT_K2M.txt,0d639add298c5b7aac12ef59b072b9735c2ae7bfb3f161cbf2a2a87ccd3db669,0d639add298c5b7aac12ef59b072b9735c2ae7bfb3f161cbf2a2a87ccd3db669,true,ELEC,DT,DecisionTree,2,1M,K2M,209|139,실험군 01-02 : C1 군집의 합,experimental_1,cluster_direct,C1,6.8541,0.1132,82.196,9.0662,0.0197,-0.4951,0.7255
ELEC_Comparison_DT_K2M.txt,/Users/labq_s.h.ryu/repo_5Energy_Clustering/Src_Energy_M02/ELEC_Comparison_DT_K2M.txt,0d639add298c5b7aac12ef59b072b9735c2ae7bfb3f161cbf2a2a87ccd3db669,0d639add298c5b7aac12ef59b072b9735c2ae7bfb3f161cbf2a2a87ccd3db669,true,ELEC,DT,DecisionTree,2,1M,K2M,209|139,실험군 02 : 모든 군집의 합,experimental_2,sum_of_cluster_predictions,SUM,10.6789,0.0857,208.0475,14.4239,0.0118,-0.9178,0.8245
ELEC_Comparison_DT_K2W.txt,/Users/labq_s.h.ryu/repo_5Energy_Clustering/Src_Energy_M02/ELEC_Comparison_DT_K2W.txt,f1dfb4ef41f2087684c4af7860a1a228aa943178858592a90ff1c9c521ee4a53,f1dfb4ef41f2087684c4af7860a1a228aa943178858592a90ff1c9c521ee4a53,true,ELEC,DT,DecisionTree,2,1W,K2W,210|138,대조군 : 군집화 X,control,no_clustering,ALL,12.1037,0.0987,308.7261,17.5706,0.0171,-1.1241,0.7396
ELEC_Comparison_DT_K2W.txt,/Users/labq_s.h.ryu/repo_5Energy_Clustering/Src_Energy_M02/ELEC_Comparison_DT_K2W.txt,f1dfb4ef41f2087684c4af7860a1a228aa943178858592a90ff1c9c521ee4a53,f1dfb4ef41f2087684c4af7860a1a228aa943178858592a90ff1c9c521ee4a53,true,ELEC,DT,DecisionTree,2,1W,K2W,210|138,실험군 01-01 : C0 군집의 합,experimental_1,cluster_direct,C0,6.3438,0.0986,87.384,9.3479,0.0166,-0.8328,0.7209
ELEC_Comparison_DT_K2W.txt,/Users/labq_s.h.ryu/repo_5Energy_Clustering/Src_Energy_M02/ELEC_Comparison_DT_K2W.txt,f1dfb4ef41f2087684c4af7860a1a228aa943178858592a90ff1c9c521ee4a53,f1dfb4ef41f2087684c4af7860a1a228aa943178858592a90ff1c9c521ee4a53,true,ELEC,DT,DecisionTree,2,1W,K2W,210|138,실험군 01-02 : C1 군집의 합,experimental_1,cluster_direct,C1,6.9421,0.1152,83.7088,9.1493,0.0206,-0.2025,0.7172
ELEC_Comparison_DT_K2W.txt,/Users/labq_s.h.ryu/repo_5Energy_Clustering/Src_Energy_M02/ELEC_Comparison_DT_K2W.txt,f1dfb4ef41f2087684c4af7860a1a228aa943178858592a90ff1c9c521ee4a53,f1dfb4ef41f2087684c4af7860a1a228aa943178858592a90ff1c9c521ee4a53,true,ELEC,DT,DecisionTree,2,1W,K2W,210|138,실험군 02 : 모든 군집의 합,experimental_2,sum_of_cluster_predictions,SUM,10.9339,0.0883,216.6429,14.7188,0.0126,-1.0353,0.8172
ELEC_Comparison_DT_K3M.txt,/Users/labq_s.h.ryu/repo_5Energy_Clustering/Src_Energy_M02/ELEC_Comparison_DT_K3M.txt,a644befd5288fd021f9e284cef697e4b179e517fb781f9f3cf2b30b8b809da14,a644befd5288fd021f9e284cef697e4b179e517fb781f9f3cf2b30b8b809da14,true,ELEC,DT,DecisionTree,3,1M,K3M,173|80|95,대조군 : 군집화 X,control,no_clustering,ALL,12.0754,0.0985,305.7548,17.4858,0.017,-1.0889,0.7421
ELEC_Comparison_DT_K3M.txt,/Users/labq_s.h.ryu/repo_5Energy_Clustering/Src_Energy_M02/ELEC_Comparison_DT_K3M.txt,a644befd5288fd021f9e284cef697e4b179e517fb781f9f3cf2b30b8b809da14,a644befd5288fd021f9e284cef697e4b179e517fb781f9f3cf2b30b8b809da14,true,ELEC,DT,DecisionTree,3,1M,K3M,173|80|95,실험군 01-01 : C0 군집의 합,experimental_1,cluster_direct,C0,5.7038,0.0939,60.7485,7.7941,0.0145,-0.5963,0.8013
ELEC_Comparison_DT_K3M.txt,/Users/labq_s.h.ryu/repo_5Energy_Clustering/Src_Energy_M02/ELEC_Comparison_DT_K3M.txt,a644befd5288fd021f9e284cef697e4b179e517fb781f9f3cf2b30b8b809da14,a644befd5288fd021f9e284cef697e4b179e517fb781f9f3cf2b30b8b809da14,true,ELEC,DT,DecisionTree,3,1M,K3M,173|80|95,실험군 01-02 : C1 군집의 합,experimental_1,cluster_direct,C1,4.0846,0.1037,29.0364,5.3885,0.0173,0.9643,0.7682
ELEC_Comparison_DT_K3M.txt,/Users/labq_s.h.ryu/repo_5Energy_Clustering/Src_Energy_M02/ELEC_Comparison_DT_K3M.txt,a644befd5288fd021f9e284cef697e4b179e517fb781f9f3cf2b30b8b809da14,a644befd5288fd021f9e284cef697e4b179e517fb781f9f3cf2b30b8b809da14,true,ELEC,DT,DecisionTree,3,1M,K3M,173|80|95,실험군 01-03 : C2 군집의 합,experimental_1,cluster_direct,C2,2.8627,0.1159,16.0722,4.009,0.0207,0.2456,0.6352
ELEC_Comparison_DT_K3M.txt,/Users/labq_s.h.ryu/repo_5Energy_Clustering/Src_Energy_M02/ELEC_Comparison_DT_K3M.txt,a644befd5288fd021f9e284cef697e4b179e517fb781f9f3cf2b30b8b809da14,a644befd5288fd021f9e284cef697e4b179e517fb781f9f3cf2b30b8b809da14,true,ELEC,DT,DecisionTree,3,1M,K3M,173|80|95,실험군 02 : 모든 군집의 합,experimental_2,sum_of_cluster_predictions,SUM,9.7988,0.0784,167.9416,12.9592,0.01,0.6136,0.8583
ELEC_Comparison_DT_K3W.txt,/Users/labq_s.h.ryu/repo_5Energy_Clustering/Src_Energy_M02/ELEC_Comparison_DT_K3W.txt,6543ebd2d6ed6f6cf78e2292c823dc99ab7ccf47e98386bdef1e06f2fa4c549b,6543ebd2d6ed6f6cf78e2292c823dc99ab7ccf47e98386bdef1e06f2fa4c549b,true,ELEC,DT,DecisionTree,3,1W,K3W,49|136|163,대조군 : 군집화 X,control,no_clustering,ALL,12.0663,0.0983,308.2788,17.5579,0.017,-1.0567,0.7399
ELEC_Comparison_DT_K3W.txt,/Users/labq_s.h.ryu/repo_5Energy_Clustering/Src_Energy_M02/ELEC_Comparison_DT_K3W.txt,6543ebd2d6ed6f6cf78e2292c823dc99ab7ccf47e98386bdef1e06f2fa4c549b,6543ebd2d6ed6f6cf78e2292c823dc99ab7ccf47e98386bdef1e06f2fa4c549b,true,ELEC,DT,DecisionTree,3,1W,K3W,49|136|163,실험군 01-01 : C0 군집의 합,experimental_1,cluster_direct,C0,3.023,0.1154,15.7249,3.9655,0.021,0.9812,0.719
ELEC_Comparison_DT_K3W.txt,/Users/labq_s.h.ryu/repo_5Energy_Clustering/Src_Energy_M02/ELEC_Comparison_DT_K3W.txt,6543ebd2d6ed6f6cf78e2292c823dc99ab7ccf47e98386bdef1e06f2fa4c549b,6543ebd2d6ed6f6cf78e2292c823dc99ab7ccf47e98386bdef1e06f2fa4c549b,true,ELEC,DT,DecisionTree,3,1W,K3W,49|136|163,실험군 01-02 : C1 군집의 합,experimental_1,cluster_direct,C1,3.9753,0.1047,30.0416,5.481,0.0174,0.3048,0.7297
ELEC_Comparison_DT_K3W.txt,/Users/labq_s.h.ryu/repo_5Energy_Clustering/Src_Energy_M02/ELEC_Comparison_DT_K3W.txt,6543ebd2d6ed6f6cf78e2292c823dc99ab7ccf47e98386bdef1e06f2fa4c549b,6543ebd2d6ed6f6cf78e2292c823dc99ab7ccf47e98386bdef1e06f2fa4c549b,true,ELEC,DT,DecisionTree,3,1W,K3W,49|136|163,실험군 01-03 : C2 군집의 합,experimental_1,cluster_direct,C2,5.6954,0.0941,60.2229,7.7603,0.0142,-0.9903,0.7966
ELEC_Comparison_DT_K3W.txt,/Users/labq_s.h.ryu/repo_5Energy_Clustering/Src_Energy_M02/ELEC_Comparison_DT_K3W.txt,6543ebd2d6ed6f6cf78e2292c823dc99ab7ccf47e98386bdef1e06f2fa4c549b,6543ebd2d6ed6f6cf78e2292c823dc99ab7ccf47e98386bdef1e06f2fa4c549b,true,ELEC,DT,DecisionTree,3,1W,K3W,49|136|163,실험군 02 : 모든 군집의 합,experimental_2,sum_of_cluster_predictions,SUM,9.5937,0.0771,161.7199,12.7169,0.0096,0.2957,0.8636
ELEC_Comparison_LGBM_K2M.txt,/Users/labq_s.h.ryu/repo_5Energy_Clustering/Src_Energy_M02/ELEC_Comparison_LGBM_K2M.txt,12a75c35f9675616fe434700dcc811edad3913d64fd0baf77285a7436635dba4,12a75c35f9675616fe434700dcc811edad3913d64fd0baf77285a7436635dba4,true,ELEC,LGBM,LightGBM,2,1M,K2M,209|139,대조군 : 군집화 X,control,no_clustering,ALL,7.0793,0.0565,88.4126,9.4028,0.0053,0.8099,0.9254
ELEC_Comparison_LGBM_K2M.txt,/Users/labq_s.h.ryu/repo_5Energy_Clustering/Src_Energy_M02/ELEC_Comparison_LGBM_K2M.txt,12a75c35f9675616fe434700dcc811edad3913d64fd0baf77285a7436635dba4,12a75c35f9675616fe434700dcc811edad3913d64fd0baf77285a7436635dba4,true,ELEC,LGBM,LightGBM,2,1M,K2M,209|139,실험군 01-01 : C0 군집의 합,experimental_1,cluster_direct,C0,3.6344,0.0575,22.8532,4.7805,0.0052,-0.0777,0.9262
ELEC_Comparison_LGBM_K2M.txt,/Users/labq_s.h.ryu/repo_5Energy_Clustering/Src_Energy_M02/ELEC_Comparison_LGBM_K2M.txt,12a75c35f9675616fe434700dcc811edad3913d64fd0baf77285a7436635dba4,12a75c35f9675616fe434700dcc811edad3913d64fd0baf77285a7436635dba4,true,ELEC,LGBM,LightGBM,2,1M,K2M,209|139,실험군 01-02 : C1 군집의 합,experimental_1,cluster_direct,C1,4.2584,0.069,31.3496,5.5991,0.0078,0.7365,0.8953
ELEC_Comparison_LGBM_K2M.txt,/Users/labq_s.h.ryu/repo_5Energy_Clustering/Src_Energy_M02/ELEC_Comparison_LGBM_K2M.txt,12a75c35f9675616fe434700dcc811edad3913d64fd0baf77285a7436635dba4,12a75c35f9675616fe434700dcc811edad3913d64fd0baf77285a7436635dba4,true,ELEC,LGBM,LightGBM,2,1M,K2M,209|139,실험군 02 : 모든 군집의 합,experimental_2,sum_of_cluster_predictions,SUM,6.6832,0.0534,78.4177,8.8554,0.0048,0.6588,0.9338
ELEC_Comparison_LGBM_K2W.txt,/Users/labq_s.h.ryu/repo_5Energy_Clustering/Src_Energy_M02/ELEC_Comparison_LGBM_K2W.txt,221cf4b7de5801c10f4a237507f873817a63142de6327311f0c19d4ab91abe0b,221cf4b7de5801c10f4a237507f873817a63142de6327311f0c19d4ab91abe0b,true,ELEC,LGBM,LightGBM,2,1W,K2W,138|210,대조군 : 군집화 X,control,no_clustering,ALL,7.0793,0.0565,88.4126,9.4028,0.0053,0.8099,0.9254
ELEC_Comparison_LGBM_K2W.txt,/Users/labq_s.h.ryu/repo_5Energy_Clustering/Src_Energy_M02/ELEC_Comparison_LGBM_K2W.txt,221cf4b7de5801c10f4a237507f873817a63142de6327311f0c19d4ab91abe0b,221cf4b7de5801c10f4a237507f873817a63142de6327311f0c19d4ab91abe0b,true,ELEC,LGBM,LightGBM,2,1W,K2W,138|210,실험군 01-01 : C0 군집의 합,experimental_1,cluster_direct,C0,4.2938,0.0701,31.5808,5.6197,0.0079,0.6969,0.8933
ELEC_Comparison_LGBM_K2W.txt,/Users/labq_s.h.ryu/repo_5Energy_Clustering/Src_Energy_M02/ELEC_Comparison_LGBM_K2W.txt,221cf4b7de5801c10f4a237507f873817a63142de6327311f0c19d4ab91abe0b,221cf4b7de5801c10f4a237507f873817a63142de6327311f0c19d4ab91abe0b,true,ELEC,LGBM,LightGBM,2,1W,K2W,138|210,실험군 01-02 : C1 군집의 합,experimental_1,cluster_direct,C1,3.7105,0.0585,23.7884,4.8773,0.0053,-0.1705,0.924
ELEC_Comparison_LGBM_K2W.txt,/Users/labq_s.h.ryu/repo_5Energy_Clustering/Src_Energy_M02/ELEC_Comparison_LGBM_K2W.txt,221cf4b7de5801c10f4a237507f873817a63142de6327311f0c19d4ab91abe0b,221cf4b7de5801c10f4a237507f873817a63142de6327311f0c19d4ab91abe0b,true,ELEC,LGBM,LightGBM,2,1W,K2W,138|210,실험군 02 : 모든 군집의 합,experimental_2,sum_of_cluster_predictions,SUM,6.7776,0.0543,80.4058,8.9669,0.0049,0.5264,0.9322
ELEC_Comparison_LGBM_K3M.txt,/Users/labq_s.h.ryu/repo_5Energy_Clustering/Src_Energy_M02/ELEC_Comparison_LGBM_K3M.txt,9a97d3d9402288e4c4c5dab047de052ece7f23458b187d4741707d3973d49ad1,9a97d3d9402288e4c4c5dab047de052ece7f23458b187d4741707d3973d49ad1,true,ELEC,LGBM,LightGBM,3,1M,K3M,171|80|97,대조군 : 군집화 X,control,no_clustering,ALL,7.0793,0.0565,88.4126,9.4028,0.0053,0.8099,0.9254
ELEC_Comparison_LGBM_K3M.txt,/Users/labq_s.h.ryu/repo_5Energy_Clustering/Src_Energy_M02/ELEC_Comparison_LGBM_K3M.txt,9a97d3d9402288e4c4c5dab047de052ece7f23458b187d4741707d3973d49ad1,9a97d3d9402288e4c4c5dab047de052ece7f23458b187d4741707d3973d49ad1,true,ELEC,LGBM,LightGBM,3,1M,K3M,171|80|97,실험군 01-01 : C0 군집의 합,experimental_1,cluster_direct,C0,3.5832,0.0591,22.158,4.7072,0.0055,-0.0942,0.9263
ELEC_Comparison_LGBM_K3M.txt,/Users/labq_s.h.ryu/repo_5Energy_Clustering/Src_Energy_M02/ELEC_Comparison_LGBM_K3M.txt,9a97d3d9402288e4c4c5dab047de052ece7f23458b187d4741707d3973d49ad1,9a97d3d9402288e4c4c5dab047de052ece7f23458b187d4741707d3973d49ad1,true,ELEC,LGBM,LightGBM,3,1M,K3M,171|80|97,실험군 01-02 : C1 군집의 합,experimental_1,cluster_direct,C1,3.0141,0.0777,15.5654,3.9453,0.0095,0.4359,0.8757
ELEC_Comparison_LGBM_K3M.txt,/Users/labq_s.h.ryu/repo_5Energy_Clustering/Src_Energy_M02/ELEC_Comparison_LGBM_K3M.txt,9a97d3d9402288e4c4c5dab047de052ece7f23458b187d4741707d3973d49ad1,9a97d3d9402288e4c4c5dab047de052ece7f23458b187d4741707d3973d49ad1,true,ELEC,LGBM,LightGBM,3,1M,K3M,171|80|97,실험군 01-03 : C2 군집의 합,experimental_1,cluster_direct,C2,1.837,0.0712,5.734,2.3946,0.0076,0.5609,0.8753
ELEC_Comparison_LGBM_K3M.txt,/Users/labq_s.h.ryu/repo_5Energy_Clustering/Src_Energy_M02/ELEC_Comparison_LGBM_K3M.txt,9a97d3d9402288e4c4c5dab047de052ece7f23458b187d4741707d3973d49ad1,9a97d3d9402288e4c4c5dab047de052ece7f23458b187d4741707d3973d49ad1,true,ELEC,LGBM,LightGBM,3,1M,K3M,171|80|97,실험군 02 : 모든 군집의 합,experimental_2,sum_of_cluster_predictions,SUM,6.5698,0.0522,75.5554,8.6923,0.0046,0.9026,0.9363
ELEC_Comparison_LGBM_K3W.txt,/Users/labq_s.h.ryu/repo_5Energy_Clustering/Src_Energy_M02/ELEC_Comparison_LGBM_K3W.txt,6d2d7a91f1784f13a7c01f09ae834e9867a944ea77a56cfa2458acc91358942b,6d2d7a91f1784f13a7c01f09ae834e9867a944ea77a56cfa2458acc91358942b,true,ELEC,LGBM,LightGBM,3,1W,K3W,103|78|167,대조군 : 군집화 X,control,no_clustering,ALL,7.0793,0.0565,88.4126,9.4028,0.0053,0.8099,0.9254
ELEC_Comparison_LGBM_K3W.txt,/Users/labq_s.h.ryu/repo_5Energy_Clustering/Src_Energy_M02/ELEC_Comparison_LGBM_K3W.txt,6d2d7a91f1784f13a7c01f09ae834e9867a944ea77a56cfa2458acc91358942b,6d2d7a91f1784f13a7c01f09ae834e9867a944ea77a56cfa2458acc91358942b,true,ELEC,LGBM,LightGBM,3,1W,K3W,103|78|167,실험군 01-01 : C0 군집의 합,experimental_1,cluster_direct,C0,1.968,0.0699,6.5965,2.5684,0.0073,0.5636,0.8816
ELEC_Comparison_LGBM_K3W.txt,/Users/labq_s.h.ryu/repo_5Energy_Clustering/Src_Energy_M02/ELEC_Comparison_LGBM_K3W.txt,6d2d7a91f1784f13a7c01f09ae834e9867a944ea77a56cfa2458acc91358942b,6d2d7a91f1784f13a7c01f09ae834e9867a944ea77a56cfa2458acc91358942b,true,ELEC,LGBM,LightGBM,3,1W,K3W,103|78|167,실험군 01-02 : C1 군집의 합,experimental_1,cluster_direct,C1,2.9637,0.0786,15.0558,3.8802,0.0097,0.354,0.8734
ELEC_Comparison_LGBM_K3W.txt,/Users/labq_s.h.ryu/repo_5Energy_Clustering/Src_Energy_M02/ELEC_Comparison_LGBM_K3W.txt,6d2d7a91f1784f13a7c01f09ae834e9867a944ea77a56cfa2458acc91358942b,6d2d7a91f1784f13a7c01f09ae834e9867a944ea77a56cfa2458acc91358942b,true,ELEC,LGBM,LightGBM,3,1W,K3W,103|78|167,실험군 01-03 : C2 군집의 합,experimental_1,cluster_direct,C2,3.4877,0.0587,21.1657,4.6006,0.0055,-0.0483,0.9262
ELEC_Comparison_LGBM_K3W.txt,/Users/labq_s.h.ryu/repo_5Energy_Clustering/Src_Energy_M02/ELEC_Comparison_LGBM_K3W.txt,6d2d7a91f1784f13a7c01f09ae834e9867a944ea77a56cfa2458acc91358942b,6d2d7a91f1784f13a7c01f09ae834e9867a944ea77a56cfa2458acc91358942b,true,ELEC,LGBM,LightGBM,3,1W,K3W,103|78|167,실험군 02 : 모든 군집의 합,experimental_2,sum_of_cluster_predictions,SUM,6.5512,0.0521,75.4547,8.6865,0.0046,0.8694,0.9363
ELEC_Comparison_RF_K2M.txt,/Users/labq_s.h.ryu/repo_5Energy_Clustering/Src_Energy_M02/ELEC_Comparison_RF_K2M.txt,82f7d18c4b1dacac929a0e4698927d005c7b223a0b1a8e92aece22994b8035c0,82f7d18c4b1dacac929a0e4698927d005c7b223a0b1a8e92aece22994b8035c0,true,ELEC,RF,RandomForest,2,1M,K2M,206|142,대조군 : 군집화 X,control,no_clustering,ALL,9.7887,0.0806,174.7448,13.2191,0.0108,-1.4379,0.8526
ELEC_Comparison_RF_K2M.txt,/Users/labq_s.h.ryu/repo_5Energy_Clustering/Src_Energy_M02/ELEC_Comparison_RF_K2M.txt,82f7d18c4b1dacac929a0e4698927d005c7b223a0b1a8e92aece22994b8035c0,82f7d18c4b1dacac929a0e4698927d005c7b223a0b1a8e92aece22994b8035c0,true,ELEC,RF,RandomForest,2,1M,K2M,206|142,실험군 01-01 : C0 군집의 합,experimental_1,cluster_direct,C0,4.9629,0.0819,44.0824,6.6395,0.0105,-1.0757,0.8497
ELEC_Comparison_RF_K2M.txt,/Users/labq_s.h.ryu/repo_5Energy_Clustering/Src_Energy_M02/ELEC_Comparison_RF_K2M.txt,82f7d18c4b1dacac929a0e4698927d005c7b223a0b1a8e92aece22994b8035c0,82f7d18c4b1dacac929a0e4698927d005c7b223a0b1a8e92aece22994b8035c0,true,ELEC,RF,RandomForest,2,1M,K2M,206|142,실험군 01-02 : C1 군집의 합,experimental_1,cluster_direct,C1,5.3278,0.0872,47.4262,6.8867,0.0118,-0.0267,0.8499
ELEC_Comparison_RF_K2M.txt,/Users/labq_s.h.ryu/repo_5Energy_Clustering/Src_Energy_M02/ELEC_Comparison_RF_K2M.txt,82f7d18c4b1dacac929a0e4698927d005c7b223a0b1a8e92aece22994b8035c0,82f7d18c4b1dacac929a0e4698927d005c7b223a0b1a8e92aece22994b8035c0,true,ELEC,RF,RandomForest,2,1M,K2M,206|142,실험군 02 : 모든 군집의 합,experimental_2,sum_of_cluster_predictions,SUM,8.9798,0.074,137.8106,11.7393,0.0087,-1.1024,0.8837
ELEC_Comparison_RF_K2W.txt,/Users/labq_s.h.ryu/repo_5Energy_Clustering/Src_Energy_M02/ELEC_Comparison_RF_K2W.txt,3231536e500e75b2a8f22e2431423b00ba78798980d85b581b7b01f55b6ee2e9,3231536e500e75b2a8f22e2431423b00ba78798980d85b581b7b01f55b6ee2e9,true,ELEC,RF,RandomForest,2,1W,K2W,206|142,대조군 : 군집화 X,control,no_clustering,ALL,9.8727,0.0814,178.4545,13.3587,0.011,-1.5195,0.8495
ELEC_Comparison_RF_K2W.txt,/Users/labq_s.h.ryu/repo_5Energy_Clustering/Src_Energy_M02/ELEC_Comparison_RF_K2W.txt,3231536e500e75b2a8f22e2431423b00ba78798980d85b581b7b01f55b6ee2e9,3231536e500e75b2a8f22e2431423b00ba78798980d85b581b7b01f55b6ee2e9,true,ELEC,RF,RandomForest,2,1W,K2W,206|142,실험군 01-01 : C0 군집의 합,experimental_1,cluster_direct,C0,4.9661,0.0819,44.1937,6.6478,0.0105,-1.0663,0.8493
ELEC_Comparison_RF_K2W.txt,/Users/labq_s.h.ryu/repo_5Energy_Clustering/Src_Energy_M02/ELEC_Comparison_RF_K2W.txt,3231536e500e75b2a8f22e2431423b00ba78798980d85b581b7b01f55b6ee2e9,3231536e500e75b2a8f22e2431423b00ba78798980d85b581b7b01f55b6ee2e9,true,ELEC,RF,RandomForest,2,1W,K2W,206|142,실험군 01-02 : C1 군집의 합,experimental_1,cluster_direct,C1,5.3396,0.0875,47.6123,6.9002,0.0119,-0.0358,0.8493
ELEC_Comparison_RF_K2W.txt,/Users/labq_s.h.ryu/repo_5Energy_Clustering/Src_Energy_M02/ELEC_Comparison_RF_K2W.txt,3231536e500e75b2a8f22e2431423b00ba78798980d85b581b7b01f55b6ee2e9,3231536e500e75b2a8f22e2431423b00ba78798980d85b581b7b01f55b6ee2e9,true,ELEC,RF,RandomForest,2,1W,K2W,206|142,실험군 02 : 모든 군집의 합,experimental_2,sum_of_cluster_predictions,SUM,9.0007,0.0742,138.4693,11.7673,0.0088,-1.1021,0.8832
ELEC_Comparison_RF_K3M.txt,/Users/labq_s.h.ryu/repo_5Energy_Clustering/Src_Energy_M02/ELEC_Comparison_RF_K3M.txt,f720383614c66f1cae7ab7d3e84904909942612cb925296c1be14cb21aacc5ad,f720383614c66f1cae7ab7d3e84904909942612cb925296c1be14cb21aacc5ad,true,ELEC,RF,RandomForest,3,1M,K3M,121|167|60,대조군 : 군집화 X,control,no_clustering,ALL,9.7679,0.0806,173.9163,13.1877,0.0108,-1.5287,0.8533
ELEC_Comparison_RF_K3M.txt,/Users/labq_s.h.ryu/repo_5Energy_Clustering/Src_Energy_M02/ELEC_Comparison_RF_K3M.txt,f720383614c66f1cae7ab7d3e84904909942612cb925296c1be14cb21aacc5ad,f720383614c66f1cae7ab7d3e84904909942612cb925296c1be14cb21aacc5ad,true,ELEC,RF,RandomForest,3,1M,K3M,121|167|60,실험군 01-01 : C0 군집의 합,experimental_1,cluster_direct,C0,2.9197,0.0876,14.7863,3.8453,0.0114,0.2083,0.8255
ELEC_Comparison_RF_K3M.txt,/Users/labq_s.h.ryu/repo_5Energy_Clustering/Src_Energy_M02/ELEC_Comparison_RF_K3M.txt,f720383614c66f1cae7ab7d3e84904909942612cb925296c1be14cb21aacc5ad,f720383614c66f1cae7ab7d3e84904909942612cb925296c1be14cb21aacc5ad,true,ELEC,RF,RandomForest,3,1M,K3M,121|167|60,실험군 01-02 : C1 군집의 합,experimental_1,cluster_direct,C1,4.8923,0.0836,40.294,6.3478,0.0108,-1.3911,0.8622
ELEC_Comparison_RF_K3M.txt,/Users/labq_s.h.ryu/repo_5Energy_Clustering/Src_Energy_M02/ELEC_Comparison_RF_K3M.txt,f720383614c66f1cae7ab7d3e84904909942612cb925296c1be14cb21aacc5ad,f720383614c66f1cae7ab7d3e84904909942612cb925296c1be14cb21aacc5ad,true,ELEC,RF,RandomForest,3,1M,K3M,121|167|60,실험군 01-03 : C2 군집의 합,experimental_1,cluster_direct,C2,2.9324,0.0948,14.9583,3.8676,0.0141,0.7587,0.8116
ELEC_Comparison_RF_K3M.txt,/Users/labq_s.h.ryu/repo_5Energy_Clustering/Src_Energy_M02/ELEC_Comparison_RF_K3M.txt,f720383614c66f1cae7ab7d3e84904909942612cb925296c1be14cb21aacc5ad,f720383614c66f1cae7ab7d3e84904909942612cb925296c1be14cb21aacc5ad,true,ELEC,RF,RandomForest,3,1M,K3M,121|167|60,실험군 02 : 모든 군집의 합,experimental_2,sum_of_cluster_predictions,SUM,8.5922,0.07,127.1499,11.2761,0.0079,-0.4241,0.8927
ELEC_Comparison_RF_K3W.txt,/Users/labq_s.h.ryu/repo_5Energy_Clustering/Src_Energy_M02/ELEC_Comparison_RF_K3W.txt,01067a6e66ad0d2c6c66e27d24b18637fddd00d489fec866186d8e6624abe296,01067a6e66ad0d2c6c66e27d24b18637fddd00d489fec866186d8e6624abe296,true,ELEC,RF,RandomForest,3,1W,K3W,163|136|49,대조군 : 군집화 X,control,no_clustering,ALL,9.765,0.0805,174.099,13.1947,0.0108,-1.5153,0.8531
ELEC_Comparison_RF_K3W.txt,/Users/labq_s.h.ryu/repo_5Energy_Clustering/Src_Energy_M02/ELEC_Comparison_RF_K3W.txt,01067a6e66ad0d2c6c66e27d24b18637fddd00d489fec866186d8e6624abe296,01067a6e66ad0d2c6c66e27d24b18637fddd00d489fec866186d8e6624abe296,true,ELEC,RF,RandomForest,3,1W,K3W,163|136|49,실험군 01-01 : C0 군집의 합,experimental_1,cluster_direct,C0,4.7089,0.0801,37.2094,6.0999,0.0097,-1.4478,0.8743
ELEC_Comparison_RF_K3W.txt,/Users/labq_s.h.ryu/repo_5Energy_Clustering/Src_Energy_M02/ELEC_Comparison_RF_K3W.txt,01067a6e66ad0d2c6c66e27d24b18637fddd00d489fec866186d8e6624abe296,01067a6e66ad0d2c6c66e27d24b18637fddd00d489fec866186d8e6624abe296,true,ELEC,RF,RandomForest,3,1W,K3W,163|136|49,실험군 01-02 : C1 군집의 합,experimental_1,cluster_direct,C1,3.3482,0.0884,19.2291,4.3851,0.0117,0.1299,0.827
ELEC_Comparison_RF_K3W.txt,/Users/labq_s.h.ryu/repo_5Energy_Clustering/Src_Energy_M02/ELEC_Comparison_RF_K3W.txt,01067a6e66ad0d2c6c66e27d24b18637fddd00d489fec866186d8e6624abe296,01067a6e66ad0d2c6c66e27d24b18637fddd00d489fec866186d8e6624abe296,true,ELEC,RF,RandomForest,3,1W,K3W,163|136|49,실험군 01-03 : C2 군집의 합,experimental_1,cluster_direct,C2,2.6518,0.1015,12.0477,3.471,0.0158,0.837,0.7847
ELEC_Comparison_RF_K3W.txt,/Users/labq_s.h.ryu/repo_5Energy_Clustering/Src_Energy_M02/ELEC_Comparison_RF_K3W.txt,01067a6e66ad0d2c6c66e27d24b18637fddd00d489fec866186d8e6624abe296,01067a6e66ad0d2c6c66e27d24b18637fddd00d489fec866186d8e6624abe296,true,ELEC,RF,RandomForest,3,1W,K3W,163|136|49,실험군 02 : 모든 군집의 합,experimental_2,sum_of_cluster_predictions,SUM,8.542,0.0695,124.86,11.1741,0.0077,-0.4809,0.8947
ELEC_Comparison_XGB_K2M.txt,/Users/labq_s.h.ryu/repo_5Energy_Clustering/Src_Energy_M02/ELEC_Comparison_XGB_K2M.txt,fda60516523123202dbebbb757b3e4888bf38bb7423410b27b8459e61b43e289,fda60516523123202dbebbb757b3e4888bf38bb7423410b27b8459e61b43e289,true,ELEC,XGB,XGBoost,2,1M,K2M,142|206,대조군 : 군집화 X,control,no_clustering,ALL,8.3994,0.0675,124.0252,11.1367,0.0075,0.3341,0.8954
ELEC_Comparison_XGB_K2M.txt,/Users/labq_s.h.ryu/repo_5Energy_Clustering/Src_Energy_M02/ELEC_Comparison_XGB_K2M.txt,fda60516523123202dbebbb757b3e4888bf38bb7423410b27b8459e61b43e289,fda60516523123202dbebbb757b3e4888bf38bb7423410b27b8459e61b43e289,true,ELEC,XGB,XGBoost,2,1M,K2M,142|206,실험군 01-01 : C0 군집의 합,experimental_1,cluster_direct,C0,5.0342,0.0798,43.4343,6.5905,0.0102,0.8292,0.8626
ELEC_Comparison_XGB_K2M.txt,/Users/labq_s.h.ryu/repo_5Energy_Clustering/Src_Energy_M02/ELEC_Comparison_XGB_K2M.txt,fda60516523123202dbebbb757b3e4888bf38bb7423410b27b8459e61b43e289,fda60516523123202dbebbb757b3e4888bf38bb7423410b27b8459e61b43e289,true,ELEC,XGB,XGBoost,2,1M,K2M,142|206,실험군 01-02 : C1 군집의 합,experimental_1,cluster_direct,C1,4.3735,0.0711,33.8049,5.8142,0.0079,-0.6742,0.8847
ELEC_Comparison_XGB_K2M.txt,/Users/labq_s.h.ryu/repo_5Energy_Clustering/Src_Energy_M02/ELEC_Comparison_XGB_K2M.txt,fda60516523123202dbebbb757b3e4888bf38bb7423410b27b8459e61b43e289,fda60516523123202dbebbb757b3e4888bf38bb7423410b27b8459e61b43e289,true,ELEC,XGB,XGBoost,2,1M,K2M,142|206,실험군 02 : 모든 군집의 합,experimental_2,sum_of_cluster_predictions,SUM,7.7061,0.0617,104.465,10.2208,0.0063,0.1551,0.9119
ELEC_Comparison_XGB_K2W.txt,/Users/labq_s.h.ryu/repo_5Energy_Clustering/Src_Energy_M02/ELEC_Comparison_XGB_K2W.txt,64ecde7280d2b1772fd3ef5524077463f00ceffc4c0bfbc0c45af50a90b7eaba,64ecde7280d2b1772fd3ef5524077463f00ceffc4c0bfbc0c45af50a90b7eaba,true,ELEC,XGB,XGBoost,2,1W,K2W,138|210,대조군 : 군집화 X,control,no_clustering,ALL,8.3994,0.0675,124.0252,11.1367,0.0075,0.3341,0.8954
ELEC_Comparison_XGB_K2W.txt,/Users/labq_s.h.ryu/repo_5Energy_Clustering/Src_Energy_M02/ELEC_Comparison_XGB_K2W.txt,64ecde7280d2b1772fd3ef5524077463f00ceffc4c0bfbc0c45af50a90b7eaba,64ecde7280d2b1772fd3ef5524077463f00ceffc4c0bfbc0c45af50a90b7eaba,true,ELEC,XGB,XGBoost,2,1W,K2W,138|210,실험군 01-01 : C0 군집의 합,experimental_1,cluster_direct,C0,4.8678,0.0795,40.1529,6.3366,0.0101,0.5949,0.8643
ELEC_Comparison_XGB_K2W.txt,/Users/labq_s.h.ryu/repo_5Energy_Clustering/Src_Energy_M02/ELEC_Comparison_XGB_K2W.txt,64ecde7280d2b1772fd3ef5524077463f00ceffc4c0bfbc0c45af50a90b7eaba,64ecde7280d2b1772fd3ef5524077463f00ceffc4c0bfbc0c45af50a90b7eaba,true,ELEC,XGB,XGBoost,2,1W,K2W,138|210,실험군 01-02 : C1 군집의 합,experimental_1,cluster_direct,C1,4.4234,0.07,34.5773,5.8803,0.0076,-0.8396,0.8896
ELEC_Comparison_XGB_K2W.txt,/Users/labq_s.h.ryu/repo_5Energy_Clustering/Src_Energy_M02/ELEC_Comparison_XGB_K2W.txt,64ecde7280d2b1772fd3ef5524077463f00ceffc4c0bfbc0c45af50a90b7eaba,64ecde7280d2b1772fd3ef5524077463f00ceffc4c0bfbc0c45af50a90b7eaba,true,ELEC,XGB,XGBoost,2,1W,K2W,138|210,실험군 02 : 모든 군집의 합,experimental_2,sum_of_cluster_predictions,SUM,7.6299,0.0613,100.5399,10.027,0.0061,-0.2447,0.9152
ELEC_Comparison_XGB_K3M.txt,/Users/labq_s.h.ryu/repo_5Energy_Clustering/Src_Energy_M02/ELEC_Comparison_XGB_K3M.txt,63c2ec81b47d37c020ad7a306a4c20289bc8a68ee001389fa4008dc498cbf00e,63c2ec81b47d37c020ad7a306a4c20289bc8a68ee001389fa4008dc498cbf00e,true,ELEC,XGB,XGBoost,3,1M,K3M,120|165|63,대조군 : 군집화 X,control,no_clustering,ALL,8.3994,0.0675,124.0252,11.1367,0.0075,0.3341,0.8954
ELEC_Comparison_XGB_K3M.txt,/Users/labq_s.h.ryu/repo_5Energy_Clustering/Src_Energy_M02/ELEC_Comparison_XGB_K3M.txt,63c2ec81b47d37c020ad7a306a4c20289bc8a68ee001389fa4008dc498cbf00e,63c2ec81b47d37c020ad7a306a4c20289bc8a68ee001389fa4008dc498cbf00e,true,ELEC,XGB,XGBoost,3,1M,K3M,120|165|63,실험군 01-01 : C0 군집의 합,experimental_1,cluster_direct,C0,2.6559,0.0795,12.1166,3.4809,0.0095,0.4636,0.8534
ELEC_Comparison_XGB_K3M.txt,/Users/labq_s.h.ryu/repo_5Energy_Clustering/Src_Energy_M02/ELEC_Comparison_XGB_K3M.txt,63c2ec81b47d37c020ad7a306a4c20289bc8a68ee001389fa4008dc498cbf00e,63c2ec81b47d37c020ad7a306a4c20289bc8a68ee001389fa4008dc498cbf00e,true,ELEC,XGB,XGBoost,3,1M,K3M,120|165|63,실험군 01-02 : C1 군집의 합,experimental_1,cluster_direct,C1,4.1145,0.069,29.1368,5.3979,0.0076,-0.1293,0.8989
ELEC_Comparison_XGB_K3M.txt,/Users/labq_s.h.ryu/repo_5Energy_Clustering/Src_Energy_M02/ELEC_Comparison_XGB_K3M.txt,63c2ec81b47d37c020ad7a306a4c20289bc8a68ee001389fa4008dc498cbf00e,63c2ec81b47d37c020ad7a306a4c20289bc8a68ee001389fa4008dc498cbf00e,true,ELEC,XGB,XGBoost,3,1M,K3M,120|165|63,실험군 01-03 : C2 군집의 합,experimental_1,cluster_direct,C2,2.8427,0.0897,13.6763,3.6981,0.0124,0.4228,0.8369
ELEC_Comparison_XGB_K3M.txt,/Users/labq_s.h.ryu/repo_5Energy_Clustering/Src_Energy_M02/ELEC_Comparison_XGB_K3M.txt,63c2ec81b47d37c020ad7a306a4c20289bc8a68ee001389fa4008dc498cbf00e,63c2ec81b47d37c020ad7a306a4c20289bc8a68ee001389fa4008dc498cbf00e,true,ELEC,XGB,XGBoost,3,1M,K3M,120|165|63,실험군 02 : 모든 군집의 합,experimental_2,sum_of_cluster_predictions,SUM,7.2039,0.0576,90.3702,9.5063,0.0055,0.7571,0.9238
ELEC_Comparison_XGB_K3W.txt,/Users/labq_s.h.ryu/repo_5Energy_Clustering/Src_Energy_M02/ELEC_Comparison_XGB_K3W.txt,24bfe771b72c6c4e059fe81488965e86f13654714c1b26286726d2f00403dd3c,24bfe771b72c6c4e059fe81488965e86f13654714c1b26286726d2f00403dd3c,true,ELEC,XGB,XGBoost,3,1W,K3W,103|78|167,대조군 : 군집화 X,control,no_clustering,ALL,8.3994,0.0675,124.0252,11.1367,0.0075,0.3341,0.8954
ELEC_Comparison_XGB_K3W.txt,/Users/labq_s.h.ryu/repo_5Energy_Clustering/Src_Energy_M02/ELEC_Comparison_XGB_K3W.txt,24bfe771b72c6c4e059fe81488965e86f13654714c1b26286726d2f00403dd3c,24bfe771b72c6c4e059fe81488965e86f13654714c1b26286726d2f00403dd3c,true,ELEC,XGB,XGBoost,3,1W,K3W,103|78|167,실험군 01-01 : C0 군집의 합,experimental_1,cluster_direct,C0,2.2668,0.0809,8.771,2.9616,0.0099,0.6611,0.8425
ELEC_Comparison_XGB_K3W.txt,/Users/labq_s.h.ryu/repo_5Energy_Clustering/Src_Energy_M02/ELEC_Comparison_XGB_K3W.txt,24bfe771b72c6c4e059fe81488965e86f13654714c1b26286726d2f00403dd3c,24bfe771b72c6c4e059fe81488965e86f13654714c1b26286726d2f00403dd3c,true,ELEC,XGB,XGBoost,3,1W,K3W,103|78|167,실험군 01-02 : C1 군집의 합,experimental_1,cluster_direct,C1,3.2884,0.0868,18.3002,4.2779,0.0117,0.4949,0.8461
ELEC_Comparison_XGB_K3W.txt,/Users/labq_s.h.ryu/repo_5Energy_Clustering/Src_Energy_M02/ELEC_Comparison_XGB_K3W.txt,24bfe771b72c6c4e059fe81488965e86f13654714c1b26286726d2f00403dd3c,24bfe771b72c6c4e059fe81488965e86f13654714c1b26286726d2f00403dd3c,true,ELEC,XGB,XGBoost,3,1W,K3W,103|78|167,실험군 01-03 : C2 군집의 합,experimental_1,cluster_direct,C2,4.1215,0.0694,29.5289,5.434,0.0076,-0.351,0.8971
ELEC_Comparison_XGB_K3W.txt,/Users/labq_s.h.ryu/repo_5Energy_Clustering/Src_Energy_M02/ELEC_Comparison_XGB_K3W.txt,24bfe771b72c6c4e059fe81488965e86f13654714c1b26286726d2f00403dd3c,24bfe771b72c6c4e059fe81488965e86f13654714c1b26286726d2f00403dd3c,true,ELEC,XGB,XGBoost,3,1W,K3W,103|78|167,실험군 02 : 모든 군집의 합,experimental_2,sum_of_cluster_predictions,SUM,7.2581,0.0578,91.2384,9.5519,0.0055,0.8051,0.923
