source_notebook,source_cell,model,metric,fold,value
/Users/labq_s.h.ryu/repo_A_machine_learning_ensemble_framework_based_on_a_clustering_algorithm_for_improving_electric_power_consumption_performance/Src_Energy_M02/M02-03_Model_ML-02_CV.ipynb,27,XGB,MAE,1,3.3921
/Users/labq_s.h.ryu/repo_A_machine_learning_ensemble_framework_based_on_a_clustering_algorithm_for_improving_electric_power_consumption_performance/Src_Energy_M02/M02-03_Model_ML-02_CV.ipynb,27,XGB,MAE,2,2.3135
/Users/labq_s.h.ryu/repo_A_machine_learning_ensemble_framework_based_on_a_clustering_algorithm_for_improving_electric_power_consumption_performance/Src_Energy_M02/M02-03_Model_ML-02_CV.ipynb,27,XGB,MAE,3,2.3675
/Users/labq_s.h.ryu/repo_A_machine_learning_ensemble_framework_based_on_a_clustering_algorithm_for_improving_electric_power_consumption_performance/Src_Energy_M02/M02-03_Model_ML-02_CV.ipynb,27,XGB,MAE,4,2.1436
/Users/labq_s.h.ryu/repo_A_machine_learning_ensemble_framework_based_on_a_clustering_algorithm_for_improving_electric_power_consumption_performance/Src_Energy_M02/M02-03_Model_ML-02_CV.ipynb,27,XGB,MAE,5,2.5414
/Users/labq_s.h.ryu/repo_A_machine_learning_ensemble_framework_based_on_a_clustering_algorithm_for_improving_electric_power_consumption_performance/Src_Energy_M02/M02-03_Model_ML-02_CV.ipynb,27,XGB,MAE,6,5.4022
/Users/labq_s.h.ryu/repo_A_machine_learning_ensemble_framework_based_on_a_clustering_algorithm_for_improving_electric_power_consumption_performance/Src_Energy_M02/M02-03_Model_ML-02_CV.ipynb,27,XGB,MAE,7,2.2752
/Users/labq_s.h.ryu/repo_A_machine_learning_ensemble_framework_based_on_a_clustering_algorithm_for_improving_electric_power_consumption_performance/Src_Energy_M02/M02-03_Model_ML-02_CV.ipynb,27,XGB,MAE,8,2.474
/Users/labq_s.h.ryu/repo_A_machine_learning_ensemble_framework_based_on_a_clustering_algorithm_for_improving_electric_power_consumption_performance/Src_Energy_M02/M02-03_Model_ML-02_CV.ipynb,27,XGB,MAE,9,2.5462
/Users/labq_s.h.ryu/repo_A_machine_learning_ensemble_framework_based_on_a_clustering_algorithm_for_improving_electric_power_consumption_performance/Src_Energy_M02/M02-03_Model_ML-02_CV.ipynb,27,XGB,MAE,10,2.5629
/Users/labq_s.h.ryu/repo_A_machine_learning_ensemble_framework_based_on_a_clustering_algorithm_for_improving_electric_power_consumption_performance/Src_Energy_M02/M02-03_Model_ML-02_CV.ipynb,27,XGB,MAPE,1,0.1005
/Users/labq_s.h.ryu/repo_A_machine_learning_ensemble_framework_based_on_a_clustering_algorithm_for_improving_electric_power_consumption_performance/Src_Energy_M02/M02-03_Model_ML-02_CV.ipynb,27,XGB,MAPE,2,0.0852
/Users/labq_s.h.ryu/repo_A_machine_learning_ensemble_framework_based_on_a_clustering_algorithm_for_improving_electric_power_consumption_performance/Src_Energy_M02/M02-03_Model_ML-02_CV.ipynb,27,XGB,MAPE,3,0.0833
/Users/labq_s.h.ryu/repo_A_machine_learning_ensemble_framework_based_on_a_clustering_algorithm_for_improving_electric_power_consumption_performance/Src_Energy_M02/M02-03_Model_ML-02_CV.ipynb,27,XGB,MAPE,4,0.0779
/Users/labq_s.h.ryu/repo_A_machine_learning_ensemble_framework_based_on_a_clustering_algorithm_for_improving_electric_power_consumption_performance/Src_Energy_M02/M02-03_Model_ML-02_CV.ipynb,27,XGB,MAPE,5,0.0958
/Users/labq_s.h.ryu/repo_A_machine_learning_ensemble_framework_based_on_a_clustering_algorithm_for_improving_electric_power_consumption_performance/Src_Energy_M02/M02-03_Model_ML-02_CV.ipynb,27,XGB,MAPE,6,0.1223
/Users/labq_s.h.ryu/repo_A_machine_learning_ensemble_framework_based_on_a_clustering_algorithm_for_improving_electric_power_consumption_performance/Src_Energy_M02/M02-03_Model_ML-02_CV.ipynb,27,XGB,MAPE,7,0.0803
/Users/labq_s.h.ryu/repo_A_machine_learning_ensemble_framework_based_on_a_clustering_algorithm_for_improving_electric_power_consumption_performance/Src_Energy_M02/M02-03_Model_ML-02_CV.ipynb,27,XGB,MAPE,8,0.0801
/Users/labq_s.h.ryu/repo_A_machine_learning_ensemble_framework_based_on_a_clustering_algorithm_for_improving_electric_power_consumption_performance/Src_Energy_M02/M02-03_Model_ML-02_CV.ipynb,27,XGB,MAPE,9,0.0879
/Users/labq_s.h.ryu/repo_A_machine_learning_ensemble_framework_based_on_a_clustering_algorithm_for_improving_electric_power_consumption_performance/Src_Energy_M02/M02-03_Model_ML-02_CV.ipynb,27,XGB,MAPE,10,0.1025
/Users/labq_s.h.ryu/repo_A_machine_learning_ensemble_framework_based_on_a_clustering_algorithm_for_improving_electric_power_consumption_performance/Src_Energy_M02/M02-03_Model_ML-02_CV.ipynb,27,XGB,MSE,1,20.7254
/Users/labq_s.h.ryu/repo_A_machine_learning_ensemble_framework_based_on_a_clustering_algorithm_for_improving_electric_power_consumption_performance/Src_Energy_M02/M02-03_Model_ML-02_CV.ipynb,27,XGB,MSE,2,9.2876
/Users/labq_s.h.ryu/repo_A_machine_learning_ensemble_framework_based_on_a_clustering_algorithm_for_improving_electric_power_consumption_performance/Src_Energy_M02/M02-03_Model_ML-02_CV.ipynb,27,XGB,MSE,3,9.5099
/Users/labq_s.h.ryu/repo_A_machine_learning_ensemble_framework_based_on_a_clustering_algorithm_for_improving_electric_power_consumption_performance/Src_Energy_M02/M02-03_Model_ML-02_CV.ipynb,27,XGB,MSE,4,7.8853
/Users/labq_s.h.ryu/repo_A_machine_learning_ensemble_framework_based_on_a_clustering_algorithm_for_improving_electric_power_consumption_performance/Src_Energy_M02/M02-03_Model_ML-02_CV.ipynb,27,XGB,MSE,5,11.3242
/Users/labq_s.h.ryu/repo_A_machine_learning_ensemble_framework_based_on_a_clustering_algorithm_for_improving_electric_power_consumption_performance/Src_Energy_M02/M02-03_Model_ML-02_CV.ipynb,27,XGB,MSE,6,60.4637
/Users/labq_s.h.ryu/repo_A_machine_learning_ensemble_framework_based_on_a_clustering_algorithm_for_improving_electric_power_consumption_performance/Src_Energy_M02/M02-03_Model_ML-02_CV.ipynb,27,XGB,MSE,7,9.2459
/Users/labq_s.h.ryu/repo_A_machine_learning_ensemble_framework_based_on_a_clustering_algorithm_for_improving_electric_power_consumption_performance/Src_Energy_M02/M02-03_Model_ML-02_CV.ipynb,27,XGB,MSE,8,10.7534
/Users/labq_s.h.ryu/repo_A_machine_learning_ensemble_framework_based_on_a_clustering_algorithm_for_improving_electric_power_consumption_performance/Src_Energy_M02/M02-03_Model_ML-02_CV.ipynb,27,XGB,MSE,9,11.0058
/Users/labq_s.h.ryu/repo_A_machine_learning_ensemble_framework_based_on_a_clustering_algorithm_for_improving_electric_power_consumption_performance/Src_Energy_M02/M02-03_Model_ML-02_CV.ipynb,27,XGB,MSE,10,10.942
/Users/labq_s.h.ryu/repo_A_machine_learning_ensemble_framework_based_on_a_clustering_algorithm_for_improving_electric_power_consumption_performance/Src_Energy_M02/M02-03_Model_ML-02_CV.ipynb,27,XGB,RMSE,1,4.5525
/Users/labq_s.h.ryu/repo_A_machine_learning_ensemble_framework_based_on_a_clustering_algorithm_for_improving_electric_power_consumption_performance/Src_Energy_M02/M02-03_Model_ML-02_CV.ipynb,27,XGB,RMSE,2,3.0476
/Users/labq_s.h.ryu/repo_A_machine_learning_ensemble_framework_based_on_a_clustering_algorithm_for_improving_electric_power_consumption_performance/Src_Energy_M02/M02-03_Model_ML-02_CV.ipynb,27,XGB,RMSE,3,3.0838
/Users/labq_s.h.ryu/repo_A_machine_learning_ensemble_framework_based_on_a_clustering_algorithm_for_improving_electric_power_consumption_performance/Src_Energy_M02/M02-03_Model_ML-02_CV.ipynb,27,XGB,RMSE,4,2.8081
/Users/labq_s.h.ryu/repo_A_machine_learning_ensemble_framework_based_on_a_clustering_algorithm_for_improving_electric_power_consumption_performance/Src_Energy_M02/M02-03_Model_ML-02_CV.ipynb,27,XGB,RMSE,5,3.3651
/Users/labq_s.h.ryu/repo_A_machine_learning_ensemble_framework_based_on_a_clustering_algorithm_for_improving_electric_power_consumption_performance/Src_Energy_M02/M02-03_Model_ML-02_CV.ipynb,27,XGB,RMSE,6,7.7758
/Users/labq_s.h.ryu/repo_A_machine_learning_ensemble_framework_based_on_a_clustering_algorithm_for_improving_electric_power_consumption_performance/Src_Energy_M02/M02-03_Model_ML-02_CV.ipynb,27,XGB,RMSE,7,3.0407
/Users/labq_s.h.ryu/repo_A_machine_learning_ensemble_framework_based_on_a_clustering_algorithm_for_improving_electric_power_consumption_performance/Src_Energy_M02/M02-03_Model_ML-02_CV.ipynb,27,XGB,RMSE,8,3.2792
/Users/labq_s.h.ryu/repo_A_machine_learning_ensemble_framework_based_on_a_clustering_algorithm_for_improving_electric_power_consumption_performance/Src_Energy_M02/M02-03_Model_ML-02_CV.ipynb,27,XGB,RMSE,9,3.3175
/Users/labq_s.h.ryu/repo_A_machine_learning_ensemble_framework_based_on_a_clustering_algorithm_for_improving_electric_power_consumption_performance/Src_Energy_M02/M02-03_Model_ML-02_CV.ipynb,27,XGB,RMSE,10,3.3079
/Users/labq_s.h.ryu/repo_A_machine_learning_ensemble_framework_based_on_a_clustering_algorithm_for_improving_electric_power_consumption_performance/Src_Energy_M02/M02-03_Model_ML-02_CV.ipynb,27,XGB,MSLE,1,0.0147
/Users/labq_s.h.ryu/repo_A_machine_learning_ensemble_framework_based_on_a_clustering_algorithm_for_improving_electric_power_consumption_performance/Src_Energy_M02/M02-03_Model_ML-02_CV.ipynb,27,XGB,MSLE,2,0.0105
/Users/labq_s.h.ryu/repo_A_machine_learning_ensemble_framework_based_on_a_clustering_algorithm_for_improving_electric_power_consumption_performance/Src_Energy_M02/M02-03_Model_ML-02_CV.ipynb,27,XGB,MSLE,3,0.0104
/Users/labq_s.h.ryu/repo_A_machine_learning_ensemble_framework_based_on_a_clustering_algorithm_for_improving_electric_power_consumption_performance/Src_Energy_M02/M02-03_Model_ML-02_CV.ipynb,27,XGB,MSLE,4,0.009
/Users/labq_s.h.ryu/repo_A_machine_learning_ensemble_framework_based_on_a_clustering_algorithm_for_improving_electric_power_consumption_performance/Src_Energy_M02/M02-03_Model_ML-02_CV.ipynb,27,XGB,MSLE,5,0.0124
/Users/labq_s.h.ryu/repo_A_machine_learning_ensemble_framework_based_on_a_clustering_algorithm_for_improving_electric_power_consumption_performance/Src_Energy_M02/M02-03_Model_ML-02_CV.ipynb,27,XGB,MSLE,6,0.0277
/Users/labq_s.h.ryu/repo_A_machine_learning_ensemble_framework_based_on_a_clustering_algorithm_for_improving_electric_power_consumption_performance/Src_Energy_M02/M02-03_Model_ML-02_CV.ipynb,27,XGB,MSLE,7,0.0095
/Users/labq_s.h.ryu/repo_A_machine_learning_ensemble_framework_based_on_a_clustering_algorithm_for_improving_electric_power_consumption_performance/Src_Energy_M02/M02-03_Model_ML-02_CV.ipynb,27,XGB,MSLE,8,0.0101
/Users/labq_s.h.ryu/repo_A_machine_learning_ensemble_framework_based_on_a_clustering_algorithm_for_improving_electric_power_consumption_performance/Src_Energy_M02/M02-03_Model_ML-02_CV.ipynb,27,XGB,MSLE,9,0.0113
/Users/labq_s.h.ryu/repo_A_machine_learning_ensemble_framework_based_on_a_clustering_algorithm_for_improving_electric_power_consumption_performance/Src_Energy_M02/M02-03_Model_ML-02_CV.ipynb,27,XGB,MSLE,10,0.0153
/Users/labq_s.h.ryu/repo_A_machine_learning_ensemble_framework_based_on_a_clustering_algorithm_for_improving_electric_power_consumption_performance/Src_Energy_M02/M02-03_Model_ML-02_CV.ipynb,27,XGB,MBE,1,0.0818
/Users/labq_s.h.ryu/repo_A_machine_learning_ensemble_framework_based_on_a_clustering_algorithm_for_improving_electric_power_consumption_performance/Src_Energy_M02/M02-03_Model_ML-02_CV.ipynb,27,XGB,MBE,2,-0.1307
/Users/labq_s.h.ryu/repo_A_machine_learning_ensemble_framework_based_on_a_clustering_algorithm_for_improving_electric_power_consumption_performance/Src_Energy_M02/M02-03_Model_ML-02_CV.ipynb,27,XGB,MBE,3,0.2299
/Users/labq_s.h.ryu/repo_A_machine_learning_ensemble_framework_based_on_a_clustering_algorithm_for_improving_electric_power_consumption_performance/Src_Energy_M02/M02-03_Model_ML-02_CV.ipynb,27,XGB,MBE,4,0.0811
/Users/labq_s.h.ryu/repo_A_machine_learning_ensemble_framework_based_on_a_clustering_algorithm_for_improving_electric_power_consumption_performance/Src_Energy_M02/M02-03_Model_ML-02_CV.ipynb,27,XGB,MBE,5,-1.2583
/Users/labq_s.h.ryu/repo_A_machine_learning_ensemble_framework_based_on_a_clustering_algorithm_for_improving_electric_power_consumption_performance/Src_Energy_M02/M02-03_Model_ML-02_CV.ipynb,27,XGB,MBE,6,3.6332
/Users/labq_s.h.ryu/repo_A_machine_learning_ensemble_framework_based_on_a_clustering_algorithm_for_improving_electric_power_consumption_performance/Src_Energy_M02/M02-03_Model_ML-02_CV.ipynb,27,XGB,MBE,7,-0.2855
/Users/labq_s.h.ryu/repo_A_machine_learning_ensemble_framework_based_on_a_clustering_algorithm_for_improving_electric_power_consumption_performance/Src_Energy_M02/M02-03_Model_ML-02_CV.ipynb,27,XGB,MBE,8,0.9404
/Users/labq_s.h.ryu/repo_A_machine_learning_ensemble_framework_based_on_a_clustering_algorithm_for_improving_electric_power_consumption_performance/Src_Energy_M02/M02-03_Model_ML-02_CV.ipynb,27,XGB,MBE,9,0.1286
/Users/labq_s.h.ryu/repo_A_machine_learning_ensemble_framework_based_on_a_clustering_algorithm_for_improving_electric_power_consumption_performance/Src_Energy_M02/M02-03_Model_ML-02_CV.ipynb,27,XGB,MBE,10,-0.8428
/Users/labq_s.h.ryu/repo_A_machine_learning_ensemble_framework_based_on_a_clustering_algorithm_for_improving_electric_power_consumption_performance/Src_Energy_M02/M02-03_Model_ML-02_CV.ipynb,27,XGB,R2,1,0.861
/Users/labq_s.h.ryu/repo_A_machine_learning_ensemble_framework_based_on_a_clustering_algorithm_for_improving_electric_power_consumption_performance/Src_Energy_M02/M02-03_Model_ML-02_CV.ipynb,27,XGB,R2,2,0.8779
/Users/labq_s.h.ryu/repo_A_machine_learning_ensemble_framework_based_on_a_clustering_algorithm_for_improving_electric_power_consumption_performance/Src_Energy_M02/M02-03_Model_ML-02_CV.ipynb,27,XGB,R2,3,0.8676
/Users/labq_s.h.ryu/repo_A_machine_learning_ensemble_framework_based_on_a_clustering_algorithm_for_improving_electric_power_consumption_performance/Src_Energy_M02/M02-03_Model_ML-02_CV.ipynb,27,XGB,R2,4,0.8872
/Users/labq_s.h.ryu/repo_A_machine_learning_ensemble_framework_based_on_a_clustering_algorithm_for_improving_electric_power_consumption_performance/Src_Energy_M02/M02-03_Model_ML-02_CV.ipynb,27,XGB,R2,5,0.8275
/Users/labq_s.h.ryu/repo_A_machine_learning_ensemble_framework_based_on_a_clustering_algorithm_for_improving_electric_power_consumption_performance/Src_Energy_M02/M02-03_Model_ML-02_CV.ipynb,27,XGB,R2,6,0.6727
/Users/labq_s.h.ryu/repo_A_machine_learning_ensemble_framework_based_on_a_clustering_algorithm_for_improving_electric_power_consumption_performance/Src_Energy_M02/M02-03_Model_ML-02_CV.ipynb,27,XGB,R2,7,0.8759
/Users/labq_s.h.ryu/repo_A_machine_learning_ensemble_framework_based_on_a_clustering_algorithm_for_improving_electric_power_consumption_performance/Src_Energy_M02/M02-03_Model_ML-02_CV.ipynb,27,XGB,R2,8,0.8524
/Users/labq_s.h.ryu/repo_A_machine_learning_ensemble_framework_based_on_a_clustering_algorithm_for_improving_electric_power_consumption_performance/Src_Energy_M02/M02-03_Model_ML-02_CV.ipynb,27,XGB,R2,9,0.8376
/Users/labq_s.h.ryu/repo_A_machine_learning_ensemble_framework_based_on_a_clustering_algorithm_for_improving_electric_power_consumption_performance/Src_Energy_M02/M02-03_Model_ML-02_CV.ipynb,27,XGB,R2,10,0.8258
/Users/labq_s.h.ryu/repo_A_machine_learning_ensemble_framework_based_on_a_clustering_algorithm_for_improving_electric_power_consumption_performance/Src_Energy_M02/M02-03_Model_ML-02_CV.ipynb,27,XGB,elapsed_s,1,0.21924042701721191
/Users/labq_s.h.ryu/repo_A_machine_learning_ensemble_framework_based_on_a_clustering_algorithm_for_improving_electric_power_consumption_performance/Src_Energy_M02/M02-03_Model_ML-02_CV.ipynb,27,XGB,elapsed_s,2,0.40619659423828125
/Users/labq_s.h.ryu/repo_A_machine_learning_ensemble_framework_based_on_a_clustering_algorithm_for_improving_electric_power_consumption_performance/Src_Energy_M02/M02-03_Model_ML-02_CV.ipynb,27,XGB,elapsed_s,3,0.18417572975158691
/Users/labq_s.h.ryu/repo_A_machine_learning_ensemble_framework_based_on_a_clustering_algorithm_for_improving_electric_power_consumption_performance/Src_Energy_M02/M02-03_Model_ML-02_CV.ipynb,27,XGB,elapsed_s,4,0.21280980110168457
/Users/labq_s.h.ryu/repo_A_machine_learning_ensemble_framework_based_on_a_clustering_algorithm_for_improving_electric_power_consumption_performance/Src_Energy_M02/M02-03_Model_ML-02_CV.ipynb,27,XGB,elapsed_s,5,0.21931815147399902
/Users/labq_s.h.ryu/repo_A_machine_learning_ensemble_framework_based_on_a_clustering_algorithm_for_improving_electric_power_consumption_performance/Src_Energy_M02/M02-03_Model_ML-02_CV.ipynb,27,XGB,elapsed_s,6,0.1782987117767334
/Users/labq_s.h.ryu/repo_A_machine_learning_ensemble_framework_based_on_a_clustering_algorithm_for_improving_electric_power_consumption_performance/Src_Energy_M02/M02-03_Model_ML-02_CV.ipynb,27,XGB,elapsed_s,7,0.1943192481994629
/Users/labq_s.h.ryu/repo_A_machine_learning_ensemble_framework_based_on_a_clustering_algorithm_for_improving_electric_power_consumption_performance/Src_Energy_M02/M02-03_Model_ML-02_CV.ipynb,27,XGB,elapsed_s,8,0.19527101516723633
/Users/labq_s.h.ryu/repo_A_machine_learning_ensemble_framework_based_on_a_clustering_algorithm_for_improving_electric_power_consumption_performance/Src_Energy_M02/M02-03_Model_ML-02_CV.ipynb,27,XGB,elapsed_s,9,0.20368456840515137
/Users/labq_s.h.ryu/repo_A_machine_learning_ensemble_framework_based_on_a_clustering_algorithm_for_improving_electric_power_consumption_performance/Src_Energy_M02/M02-03_Model_ML-02_CV.ipynb,27,XGB,elapsed_s,10,0.24491643905639648
