source_notebook,source_cell,model,fold,MAE,MAPE,MSE,RMSE,MSLE,MBE,R2
/Users/labq_s.h.ryu/repo_A_machine_learning_ensemble_framework_based_on_a_clustering_algorithm_for_improving_electric_power_consumption_performance/Src_Energy_M02/M02-03_Model_ML-02_CV.ipynb,26,XGB,1,3.3921,0.1005,20.7254,4.5525,0.0147,0.0818,0.861
/Users/labq_s.h.ryu/repo_A_machine_learning_ensemble_framework_based_on_a_clustering_algorithm_for_improving_electric_power_consumption_performance/Src_Energy_M02/M02-03_Model_ML-02_CV.ipynb,26,XGB,2,2.3135,0.0852,9.2876,3.0476,0.0105,-0.1307,0.8779
/Users/labq_s.h.ryu/repo_A_machine_learning_ensemble_framework_based_on_a_clustering_algorithm_for_improving_electric_power_consumption_performance/Src_Energy_M02/M02-03_Model_ML-02_CV.ipynb,26,XGB,3,2.3675,0.0833,9.5099,3.0838,0.0104,0.2299,0.8676
/Users/labq_s.h.ryu/repo_A_machine_learning_ensemble_framework_based_on_a_clustering_algorithm_for_improving_electric_power_consumption_performance/Src_Energy_M02/M02-03_Model_ML-02_CV.ipynb,26,XGB,4,2.1436,0.0779,7.8853,2.8081,0.009,0.0811,0.8872
/Users/labq_s.h.ryu/repo_A_machine_learning_ensemble_framework_based_on_a_clustering_algorithm_for_improving_electric_power_consumption_performance/Src_Energy_M02/M02-03_Model_ML-02_CV.ipynb,26,XGB,5,2.5414,0.0958,11.3242,3.3651,0.0124,-1.2583,0.8275
/Users/labq_s.h.ryu/repo_A_machine_learning_ensemble_framework_based_on_a_clustering_algorithm_for_improving_electric_power_consumption_performance/Src_Energy_M02/M02-03_Model_ML-02_CV.ipynb,26,XGB,6,5.4022,0.1223,60.4637,7.7758,0.0277,3.6332,0.6727
/Users/labq_s.h.ryu/repo_A_machine_learning_ensemble_framework_based_on_a_clustering_algorithm_for_improving_electric_power_consumption_performance/Src_Energy_M02/M02-03_Model_ML-02_CV.ipynb,26,XGB,7,2.2752,0.0803,9.2459,3.0407,0.0095,-0.2855,0.8759
/Users/labq_s.h.ryu/repo_A_machine_learning_ensemble_framework_based_on_a_clustering_algorithm_for_improving_electric_power_consumption_performance/Src_Energy_M02/M02-03_Model_ML-02_CV.ipynb,26,XGB,8,2.474,0.0801,10.7534,3.2792,0.0101,0.9404,0.8524
/Users/labq_s.h.ryu/repo_A_machine_learning_ensemble_framework_based_on_a_clustering_algorithm_for_improving_electric_power_consumption_performance/Src_Energy_M02/M02-03_Model_ML-02_CV.ipynb,26,XGB,9,2.5462,0.0879,11.0058,3.3175,0.0113,0.1286,0.8376
/Users/labq_s.h.ryu/repo_A_machine_learning_ensemble_framework_based_on_a_clustering_algorithm_for_improving_electric_power_consumption_performance/Src_Energy_M02/M02-03_Model_ML-02_CV.ipynb,26,XGB,10,2.5629,0.1025,10.942,3.3079,0.0153,-0.8428,0.8258
