METER_DATE,actual,prediction,residual
2023-11-26,21651.125,21683.955,-32.83008
2023-12-03,21769.41,21672.475,96.93555
2023-12-10,22123.94,21676.584,447.35547
2023-12-17,21881.521,21682.14,199.38086
2023-12-24,22322.535,21695.098,627.4375
2023-12-31,22539.477,21696.07,843.40625
2024-01-07,23009.346,21693.19,1316.1562
2024-01-14,22757.686,21693.713,1063.9727
2024-01-21,22679.191,21697.238,981.9531
2024-01-28,22490.672,21695.643,795.0293
2024-02-04,22385.682,21688.193,697.4883
2024-02-11,22388.355,21681.307,707.0488
2024-02-18,21762.096,21668.893,93.203125
2024-02-25,22612.715,21671.602,941.1133
2024-03-03,22319.582,21678.352,641.23047
2024-03-10,21714.041,21668.85,45.191406
2024-03-17,21029.738,21641.562,-611.8242
2024-03-24,20935.9,21583.979,-648.0781
2024-03-31,21000.318,21563.7,-563.38086
2024-04-07,20896.643,21582.104,-685.46094
2024-04-14,20587.121,21589.723,-1002.60156
2024-04-21,20781.125,21581.025,-799.9004
2024-04-28,20862.191,21596.639,-734.44727
2024-05-05,19479.984,21414.271,-1934.2871
2024-05-12,20076.674,21199.342,-1122.668
2024-05-19,16752.42,18741.986,-1989.5664
2024-05-26,20343.275,18605.662,1737.6133
2024-06-02,20466.58,18802.236,1664.3438
2024-06-09,20002.738,21502.166,-1499.4277
