method,mask_type,rmse,roughness,acf_div,wass_dist,peak,daily_corr,method_label,rmse_z,roughness_z,acf_div_z,wass_dist_z,peak_z,daily_corr_z,score
baseline,block_24h,0.07395437765675562,0.031689224541474444,0.01807861369067262,0.000300842817313219,0.1638979134047724,0.005433556552962423,기존안 (대치+선형),0.9551497674997311,-0.5399875335284963,0.12531872941631497,-0.6281340289387228,-0.44946238428597424,-0.13013029902119994,0.19908691515847557
baseline,block_6h,0.0445864010188507,0.03172431863386366,0.01781510794754292,0.00028025053468150616,0.1631823447844766,0.005381440694420097,기존안 (대치+선형),-1.1752293697218736,-0.530000420366242,0.03203575198621155,-0.6693012786700411,-0.4768462053337095,-0.14682368799866072,-0.6740835653459951
baseline,random,0.05646763428856392,0.027515012757286517,0.022396660011757247,0.0006212900370529731,0.1718317518399938,0.010171604299208716,기존안 (대치+선형),-0.313354144392562,-1.72788904668212,1.6539389891789837,0.012490954540139163,-0.1458453645207123,1.38752816874892,-0.011016790505660484
mstl,block_24h,0.06399067133697982,0.034384293025797444,0.015367802413026705,0.0007015369530783817,0.149575995521879,0.0028411044668927516,3안 (MSTL),0.23237365204693342,0.2269778472668069,-0.8343284654664422,0.17291730897927987,-0.9975423660540361,-0.9605265025691725,-0.17666828787556482
mstl,block_6h,0.04453293252359266,0.034396570112426604,0.01531966651394166,0.0006781218334426303,0.15504483271121405,0.002799795499595383,3안 (MSTL),-1.1791080219082606,0.2304716732962245,-0.8513689289288187,0.1261067588924634,-0.7882575334267378,-0.9737583033806688,-0.7283687048996875
mstl,random,0.05996975834709526,0.03563300617579839,0.018850311244489378,0.0016708281825147779,0.20315826202018303,0.007445614864059924,3안 (MSTL),-0.05930695134803379,0.5823379288994478,0.3985053576869638,2.1106847152566477,1.0529768371428583,0.5143582112314858,0.49120568881184745
pchip,block_24h,0.07546201419133321,0.03184322215677304,0.018011838330669078,0.0002747432804047188,0.1657413906093458,0.005779417429041568,1안 (PCHIP),1.0645150622007518,-0.4961627326575349,0.10167975925151107,-0.6803111563121255,-0.3789150622768692,-0.019346551080340505,0.2587763019024636
pchip,block_6h,0.04571898954835708,0.03187832511245366,0.017716323122463785,0.0002538383875599493,0.1636238182592244,0.005729845781406194,1안 (PCHIP),-1.0930703907746266,-0.4861730971706317,-0.002934805007523168,-0.722103363603498,-0.45995162627179054,-0.03522499613289305,-0.6323223402373921
pchip,random,0.05658831344799786,0.027768776216726677,0.02224775782067263,0.0005662706429615008,0.17148565474204056,0.010590573179770064,1안 (PCHIP),-0.3045999708679315,-1.6556727785488274,1.6012265148121447,-0.09750156921928547,-0.1590900216041582,1.5217293637072973,-0.0034931506192896478
seasonal_naive,block_24h,0.07665881297036264,0.036500130524317595,0.015259865642602878,0.00019674557623661746,0.16706935026189648,0.0038732892355986368,4안 (Seasonal Naive),1.1513319097395713,0.8291050741603118,-0.872538878642781,-0.8362409783422843,-0.3280958837206204,-0.6299042635318204,0.2745935806639856
seasonal_naive,block_6h,0.061470320248315224,0.036503338457416164,0.015208085086957535,0.00019634787748765741,0.16168922034430852,0.003830806970061258,4안 (Seasonal Naive),0.04954514315896634,0.8300179910842495,-0.890869577420778,-0.8370360414253374,-0.533986011792329,-0.6435118870670498,-0.19076307471536436
seasonal_naive,random,0.0897385220785843,0.04169930813852017,0.022731568405240443,0.0002467042385190377,0.2384433437442895,0.012097628669120933,4안 (Seasonal Naive),2.1001456379934313,2.3086924248694998,1.77249903170173,-0.7363656627589766,2.4032880947665385,2.0044588859297807,1.819375105476791
stl,block_24h,0.06155623976894759,0.033964553712219125,0.014667011224596935,0.0007239525179456532,0.16257661382154684,0.002294228890561952,2안 (STL),0.05577782157914145,0.10752799864664403,-1.0824137171845905,0.21772959002957998,-0.5000266912039318,-1.1356978798294892,-0.2657212272494195
stl,block_6h,0.04132732948510168,0.033975500590870095,0.014600187708348396,0.0007116153474722253,0.16960276325443263,0.0022646944315059068,2안 (STL),-1.4116453165137415,0.11064327271181111,-1.1060697350154596,0.1930656230988189,-0.23114567369192907,-1.1451581521352987,-0.8322959162238848
stl,random,0.05978754556335022,0.03432502537571996,0.01759840122631928,0.001802540766021098,0.22771945976433686,0.0070636437808100526,2안 (STL),-0.07252482869149664,0.21011139801887954,-0.04468002636745591,2.373999128473342,1.9928998922733792,0.39200789312910705,0.47169546565869774
