model,household,trial_index,scoring,mean_test_score,std_test_score,fold_scores_json,params_json,elapsed_s,updated_at
CatBoost,ELEC_3-9-5,0,r2,-22.221363048760782,26.948910404703785,"[0.022951080858104378, -58.27084065469957, -0.49153622336284797, -52.002863908089815, -0.3645255385097752]","{""bagging_temperature"": 0.3745401188473625, ""depth"": 8, ""iterations"": 570, ""l2_leaf_reg"": 3, ""learning_rate"": 0.1191567400381877, ""random_strength"": 1.193700315892974}",17.6,2026-07-14T18:27:11
CatBoost,ELEC_3-9-5,1,r2,-32.36470511818951,39.27555840524396,"[0.029408765813174753, -77.15775264118584, -0.4896780869749324, -83.64414842262065, -0.5613552059793137]","{""bagging_temperature"": 0.44583275285359114, ""depth"": 6, ""iterations"": 758, ""l2_leaf_reg"": 5, ""learning_rate"": 0.09415610164404924, ""random_strength"": 1.416145155592091}",12.6,2026-07-14T18:27:24
CatBoost,ELEC_3-9-5,2,r2,-43.370496986460296,52.19545807827527,"[0.03322141081121732, -109.23310652268331, -1.6116117267562697, -105.31778713983836, -0.7232009538347364]","{""bagging_temperature"": 0.020584494295802447, ""depth"": 5, ""iterations"": 643, ""l2_leaf_reg"": 4, ""learning_rate"": 0.14139737926220505, ""random_strength"": 0.0015575316820286567}",8.7,2026-07-14T18:27:33
CatBoost,ELEC_3-9-5,3,r2,-19.534162533808804,28.57993637955065,"[0.03194250119754305, -23.264406055969797, -0.2550546168647161, -73.82788340062571, -0.3554110967813551]","{""bagging_temperature"": 0.9922115592912175, ""depth"": 4, ""iterations"": 759, ""l2_leaf_reg"": 2, ""learning_rate"": 0.0834659004285133, ""random_strength"": 0.8638900372842315}",8.7,2026-07-14T18:27:41
CatBoost,ELEC_3-9-5,4,r2,-3.2923167111352023,4.209374522154204,"[0.03690437721631867, -8.415207170630502, 0.06364624381625394, -8.477074614824595, 0.3301476087465113]","{""bagging_temperature"": 0.2912291401980419, ""depth"": 6, ""iterations"": 810, ""l2_leaf_reg"": 2, ""learning_rate"": 0.01653319284990616, ""random_strength"": 1.9475110376829183}",14.5,2026-07-14T18:27:56
CatBoost,ELEC_3-9-5,5,r2,-39.64224819946419,54.43538805914284,"[0.030788868197923258, -56.04719105583629, -1.8905874681085044, -139.74412309451665, -0.5601282470574322]","{""bagging_temperature"": 0.23277134043030423, ""depth"": 6, ""iterations"": 866, ""l2_leaf_reg"": 4, ""learning_rate"": 0.09293803964068595, ""random_strength"": 0.09290082543999545}",14.6,2026-07-14T18:28:10
CatBoost,ELEC_3-9-5,6,r2,-12.003383518416168,15.138376037419569,"[0.02921595077973005, -19.510105396849504, -1.7484722814615354, -38.50292179382373, -0.2846340707257964]","{""bagging_temperature"": 0.6075448519014384, ""depth"": 8, ""iterations"": 466, ""l2_leaf_reg"": 2, ""learning_rate"": 0.14284397521546668, ""random_strength"": 1.9312640661491187}",14.3,2026-07-14T18:28:25
CatBoost,ELEC_3-9-5,7,r2,-36.26929934813622,64.74887671035935,"[0.04535231119961314, -165.11445800484952, 0.037205655364848655, -16.628568509241045, 0.3139718068449683]","{""bagging_temperature"": 0.8083973481164611, ""depth"": 4, ""iterations"": 645, ""l2_leaf_reg"": 5, ""learning_rate"": 0.04232513558710087, ""random_strength"": 0.48205093205202343}",6.6,2026-07-14T18:28:31
CatBoost,ELEC_3-9-5,8,r2,-3.918023034452516,7.382670159869836,"[0.03782289146926299, -18.633360122391338, 0.09153689395321862, -1.4009251805174152, 0.3148103452236899]","{""bagging_temperature"": 0.6832635188254582, ""depth"": 7, ""iterations"": 808, ""l2_leaf_reg"": 7, ""learning_rate"": 0.03427105149108809, ""random_strength"": 0.7821212151464816}",14.9,2026-07-14T18:28:46
CatBoost,ELEC_3-9-5,9,r2,-7.00964384805013,11.988809596260937,"[0.031143540290390792, -30.6847678675572, 0.09468184716216133, -4.763725068416506, 0.27444830827049826]","{""bagging_temperature"": 0.18223608778806233, ""depth"": 7, ""iterations"": 301, ""l2_leaf_reg"": 6, ""learning_rate"": 0.08280952296489351, ""random_strength"": 1.0934205586865593}",6.1,2026-07-14T18:28:52
CatBoost,ELEC_3-9-5,10,r2,-34.581351581263114,42.95851625578617,"[0.03078099772491738, -66.8355894069971, -0.5594309132846746, -103.61218003555335, -1.9303385482053468]","{""bagging_temperature"": 0.18485445552552704, ""depth"": 5, ""iterations"": 855, ""l2_leaf_reg"": 2, ""learning_rate"": 0.06532103304025402, ""random_strength"": 1.8533177315875884}",11.6,2026-07-14T18:29:04
CatBoost,ELEC_3-9-5,11,r2,-20.14756137064341,30.582740234539823,"[0.03454207188078573, -78.96956006267047, -0.15428232393487407, -21.67772775510591, 0.029221216613443124]","{""bagging_temperature"": 0.7272719958564209, ""depth"": 7, ""iterations"": 595, ""l2_leaf_reg"": 5, ""learning_rate"": 0.06441482055652749, ""random_strength"": 0.5426980635477918}",11.3,2026-07-14T18:29:15
CatBoost,ELEC_3-9-5,12,r2,-24.411856476912682,31.851979159591572,"[0.04217786002373469, -79.57338308886648, -0.8180262588086729, -41.47028860601993, -0.2397622908920638]","{""bagging_temperature"": 0.8287375091519293, ""depth"": 5, ""iterations"": 516, ""l2_leaf_reg"": 4, ""learning_rate"": 0.09498479467613585, ""random_strength"": 0.5519983640450867}",7.6,2026-07-14T18:29:23
CatBoost,ELEC_3-9-5,13,r2,-38.455455285622634,49.825176578780976,"[0.03079305593363091, -67.53039631252699, -0.7170364829590283, -123.47322276868667, -0.5874139198741111]","{""bagging_temperature"": 0.2962735057040824, ""depth"": 8, ""iterations"": 364, ""l2_leaf_reg"": 1, ""learning_rate"": 0.14816417112407243, ""random_strength"": 1.5444895385933148}",12.9,2026-07-14T18:29:36
CatBoost,ELEC_3-9-5,14,r2,-21.830842964665838,34.588759372434275,"[0.03172425975832904, -17.080359518686258, -0.6192130636841773, -89.83308661311305, -1.6532798876040227]","{""bagging_temperature"": 0.1987156815341724, ""depth"": 6, ""iterations"": 798, ""l2_leaf_reg"": 1, ""learning_rate"": 0.109587873384811, ""random_strength"": 1.5803510810624113}",14.7,2026-07-14T18:29:50
CatBoost,ELEC_3-9-5,15,r2,-4.268326062848082,5.48487502035702,"[0.037575874874023474, -9.537245237280565, 0.10222854241730928, -12.265327865485537, 0.32113837123435496]","{""bagging_temperature"": 0.6059599747810114, ""depth"": 5, ""iterations"": 530, ""l2_leaf_reg"": 2, ""learning_rate"": 0.02622166833351816, ""random_strength"": 1.726206851751187}",8.2,2026-07-14T18:29:58
CatBoost,ELEC_3-9-5,16,r2,0.16357142915390363,0.06882823806790028,"[0.04063551649257002, 0.2091852779360318, 0.1671171400981718, 0.15710800378952894, 0.2438112074532156]","{""bagging_temperature"": 0.6232981268275579, ""depth"": 5, ""iterations"": 332, ""l2_leaf_reg"": 7, ""learning_rate"": 0.05353752504019271, ""random_strength"": 0.6503666440534941}",4.4,2026-07-14T18:30:03
CatBoost,ELEC_3-9-5,17,r2,-17.449561823129816,23.88608379782497,"[0.029373418788554262, -25.323477387167408, -0.3179904065318959, -61.10234086938347, -0.5333738713548726]","{""bagging_temperature"": 0.7296061783380641, ""depth"": 6, ""iterations"": 846, ""l2_leaf_reg"": 1, ""learning_rate"": 0.06360976246553059, ""random_strength"": 1.9434241907782075}",14.7,2026-07-14T18:30:18
CatBoost,ELEC_3-9-5,18,r2,-37.38819455294443,45.53368045842588,"[0.028468876645633134, -95.15515701514134, -0.2975117674801082, -91.11096437456652, -0.40580848417980175]","{""bagging_temperature"": 0.8489138242660839, ""depth"": 8, ""iterations"": 517, ""l2_leaf_reg"": 7, ""learning_rate"": 0.11793540519363854, ""random_strength"": 0.9875911927287815}",15.0,2026-07-14T18:30:33
CatBoost,ELEC_3-9-5,19,r2,-12.533828495577527,17.15940120086046,"[0.042367878460679465, -43.114480822255885, 0.04583351749860831, -19.9685036377476, 0.3256405861565599]","{""bagging_temperature"": 0.5227328293819941, ""depth"": 5, ""iterations"": 853, ""l2_leaf_reg"": 4, ""learning_rate"": 0.025104799779062624, ""random_strength"": 0.0628583713734685}",10.6,2026-07-14T18:30:43
CatBoost,ELEC_3-9-5,20,r2,-22.48480321682478,34.135473997379144,"[0.03156778676830485, -88.70114386232106, -0.859330318104758, -22.013050861777163, -0.8820588286892299]","{""bagging_temperature"": 0.6364104112637804, ""depth"": 7, ""iterations"": 395, ""l2_leaf_reg"": 4, ""learning_rate"": 0.13705930634965305, ""random_strength"": 0.4985844582977499}",8.3,2026-07-14T18:30:52
CatBoost,ELEC_3-9-5,21,r2,-29.895827376198277,36.24980747232709,"[0.024102604547305062, -73.85175282018217, -0.4590287326503062, -74.72976928729483, -0.46268864541136057]","{""bagging_temperature"": 0.41038292303562973, ""depth"": 6, ""iterations"": 840, ""l2_leaf_reg"": 4, ""learning_rate"": 0.14199949987811736, ""random_strength"": 1.197730932977072}",14.1,2026-07-14T18:31:06
CatBoost,ELEC_3-9-5,22,r2,-23.5433653821947,31.950921379737025,"[0.027488826676333233, -35.543763226055184, -0.4497470353184345, -81.31423260719517, -0.43657286908105153]","{""bagging_temperature"": 0.6947849330397046, ""depth"": 7, ""iterations"": 877, ""l2_leaf_reg"": 2, ""learning_rate"": 0.12313685313901838, ""random_strength"": 1.266807513020847}",20.1,2026-07-14T18:31:26
CatBoost,ELEC_3-9-5,23,r2,-27.8430540057871,35.55353958678065,"[0.021943302213418114, -87.27310901699786, -0.9324769640696453, -50.78308618614846, -0.24854116393293602]","{""bagging_temperature"": 0.8714605901877177, ""depth"": 7, ""iterations"": 919, ""l2_leaf_reg"": 4, ""learning_rate"": 0.06831139270185127, ""random_strength"": 1.7665605178377366}",21.1,2026-07-14T18:31:47
CatBoost,ELEC_3-9-5,24,r2,-35.520838096170934,55.35264934306622,"[0.029948561000708307, -143.45979983269183, -1.4360163298938597, -32.330874089417975, -0.40744878985171473]","{""bagging_temperature"": 0.32434502100527396, ""depth"": 7, ""iterations"": 772, ""l2_leaf_reg"": 7, ""learning_rate"": 0.1369559818164056, ""random_strength"": 0.5442644987692706}",17.5,2026-07-14T18:32:04
CatBoost,ELEC_3-9-5,25,r2,-119.40536276723753,143.24727391325968,"[0.030975291835034446, -305.53034038737087, -6.779608092772666, -283.7098523907396, -1.0379882571395616]","{""bagging_temperature"": 0.6476901205413623, ""depth"": 4, ""iterations"": 927, ""l2_leaf_reg"": 5, ""learning_rate"": 0.1305022816558881, ""random_strength"": 0.013904261062381407}",11.8,2026-07-14T18:32:16
CatBoost,ELEC_3-9-5,26,r2,-48.46855410247544,78.99453637874328,"[0.04338271995508769, -36.70504520243959, -1.0903404335531768, -203.95546793132806, -0.635299665011452]","{""bagging_temperature"": 0.5107473025775657, ""depth"": 4, ""iterations"": 617, ""l2_leaf_reg"": 5, ""learning_rate"": 0.10694104460463785, ""random_strength"": 0.538824667597043}",6.8,2026-07-14T18:32:23
CatBoost,ELEC_3-9-5,27,r2,-19.285164907588957,31.006273531918282,"[0.030441543676636873, -15.089501948294767, -0.3353680432618662, -80.23775033109312, -0.7936457589716499]","{""bagging_temperature"": 0.24412552224777417, ""depth"": 6, ""iterations"": 673, ""l2_leaf_reg"": 1, ""learning_rate"": 0.06653706394812572, ""random_strength"": 0.12978449421796312}",10.3,2026-07-14T18:32:33
CatBoost,ELEC_3-9-5,28,r2,-43.96519121840733,68.65530616926044,"[0.03504281906999496, -177.98897144221075, -2.2254130397381426, -39.336006364493834, -0.3106080646638978]","{""bagging_temperature"": 0.2539154139343447, ""depth"": 7, ""iterations"": 809, ""l2_leaf_reg"": 7, ""learning_rate"": 0.07961479082493396, ""random_strength"": 0.6017566196335393}",14.9,2026-07-14T18:32:48
CatBoost,ELEC_3-9-5,29,r2,-48.37366977202416,83.3871911142012,"[0.02244194880992778, -21.406170894014966, -3.6892395743974733, -214.45245015897598, -2.3429301815422914]","{""bagging_temperature"": 0.2848404943774676, ""depth"": 4, ""iterations"": 998, ""l2_leaf_reg"": 1, ""learning_rate"": 0.14672609381657142, ""random_strength"": 0.8220740266364626}",10.5,2026-07-14T18:32:59
CatBoost,ELEC_3-9-5,30,r2,-80.55883971363058,97.44158281964602,"[0.03021319851460791, -199.82161893401997, -2.424108064951748, -199.9700390966313, -0.6086456710644197]","{""bagging_temperature"": 0.033050732900548385, ""depth"": 4, ""iterations"": 684, ""l2_leaf_reg"": 3, ""learning_rate"": 0.10529876321766736, ""random_strength"": 1.0618691666342728}",7.0,2026-07-14T18:33:06
CatBoost,ELEC_3-9-5,31,r2,-26.60624798882889,32.52841784025199,"[0.027802537167975205, -59.91334108848904, -0.6065340326374162, -72.38751204407478, -0.151655316111182]","{""bagging_temperature"": 0.44778316457309164, ""depth"": 7, ""iterations"": 738, ""l2_leaf_reg"": 3, ""learning_rate"": 0.06175162384859663, ""random_strength"": 0.48431987655485176}",13.7,2026-07-14T18:33:20
CatBoost,ELEC_3-9-5,32,r2,-38.62980922472789,66.0394122787823,"[0.02805154525810094, -169.59745943206013, -1.1035155431963353, -22.423450240527174, -0.05267245311395019]","{""bagging_temperature"": 0.8031397563798959, ""depth"": 8, ""iterations"": 909, ""l2_leaf_reg"": 6, ""learning_rate"": 0.06583542194223743, ""random_strength"": 1.6328637464387679}",28.7,2026-07-14T18:33:48
CatBoost,ELEC_3-9-5,33,r2,-5.128475008510643,10.142696003016097,"[0.043115430215861394, -25.401813848266695, 0.10932449728139648, -0.7134667608028955, 0.3204656390191176]","{""bagging_temperature"": 0.7983451249845511, ""depth"": 4, ""iterations"": 423, ""l2_leaf_reg"": 3, ""learning_rate"": 0.036112591455979594, ""random_strength"": 0.08155028310952783}",4.6,2026-07-14T18:33:53
CatBoost,ELEC_3-9-5,34,r2,-24.375568115201673,33.549429582496074,"[0.029091715250155636, -35.580570169820255, -0.1882502469133167, -85.62937968192838, -0.5087321925965742]","{""bagging_temperature"": 0.5908929431882418, ""depth"": 6, ""iterations"": 702, ""l2_leaf_reg"": 2, ""learning_rate"": 0.08169302816189934, ""random_strength"": 0.4529915503958759}",11.3,2026-07-14T18:34:04
CatBoost,ELEC_3-9-5,35,r2,-16.019603818839546,19.69215881272001,"[0.03233456864427853, -32.27160120757545, -0.38146605424195035, -46.688533807132984, -0.7887525938916105]","{""bagging_temperature"": 0.6451727904094499, ""depth"": 7, ""iterations"": 788, ""l2_leaf_reg"": 1, ""learning_rate"": 0.06566008295225313, ""random_strength"": 1.0355027010549602}",17.3,2026-07-14T18:34:21
CatBoost,ELEC_3-9-5,36,r2,-61.51096826552848,110.48991700662724,"[0.032812681199620886, -23.84951772821828, -1.0617821807596592, -281.7575780384266, -0.9187760614375073]","{""bagging_temperature"": 0.837710105907328, ""depth"": 6, ""iterations"": 772, ""l2_leaf_reg"": 2, ""learning_rate"": 0.13945710655899882, ""random_strength"": 1.754678706761962}",12.7,2026-07-14T18:34:34
CatBoost,ELEC_3-9-5,37,r2,-21.71394485675506,32.65108602793543,"[0.02416832421299031, -22.402725262513076, -0.6283987347915632, -84.76455263385819, -0.7982159768254571]","{""bagging_temperature"": 0.2579416277151556, ""depth"": 7, ""iterations"": 443, ""l2_leaf_reg"": 2, ""learning_rate"": 0.147503568066121, ""random_strength"": 1.0332717825420286}",9.4,2026-07-14T18:34:44
CatBoost,ELEC_3-9-5,38,r2,-57.292519301704864,81.13293043546845,"[0.03032130761874674, -211.43799606325933, -6.656388528758045, -67.63137366825717, -0.7671595558685258]","{""bagging_temperature"": 0.260829174830409, ""depth"": 4, ""iterations"": 603, ""l2_leaf_reg"": 6, ""learning_rate"": 0.13561020611346578, ""random_strength"": 1.800836114326661}",6.5,2026-07-14T18:34:50
CatBoost,ELEC_3-9-5,39,r2,-43.198353369772995,56.80784456032776,"[0.035531560342963786, -72.77921292972025, -0.596842696233802, -142.0160904630721, -0.6351523201818263]","{""bagging_temperature"": 0.6331014572732679, ""depth"": 4, ""iterations"": 532, ""l2_leaf_reg"": 3, ""learning_rate"": 0.10805009619618798, ""random_strength"": 1.6933222844766118}",6.2,2026-07-14T18:34:56
CatBoost,ELEC_3-9-5,40,r2,-18.58917455446769,22.604766182167843,"[0.019933557449549166, -54.29691692529404, -1.5457707167086996, -36.4927662362551, -0.6303524515301451]","{""bagging_temperature"": 0.8563242918780924, ""depth"": 4, ""iterations"": 927, ""l2_leaf_reg"": 3, ""learning_rate"": 0.1409888991909327, ""random_strength"": 1.5706813022278872}",10.6,2026-07-14T18:35:07
CatBoost,ELEC_3-9-5,41,r2,-24.1063354399738,36.4663992373176,"[0.018120860601826827, -94.10733414087836, 0.022092196882278703, -26.426801309290653, -0.037754807184099404]","{""bagging_temperature"": 0.6689882547142286, ""depth"": 6, ""iterations"": 411, ""l2_leaf_reg"": 6, ""learning_rate"": 0.141618681944089, ""random_strength"": 1.9473276735106346}",6.4,2026-07-14T18:35:13
CatBoost,ELEC_3-9-5,42,r2,-0.0870741880660441,0.3063844496597019,"[0.040992673632227805, -0.5125494132416004, 0.1530269907356554, -0.3844851858735716, 0.2676439944170683]","{""bagging_temperature"": 0.2839209747374657, ""depth"": 5, ""iterations"": 462, ""l2_leaf_reg"": 5, ""learning_rate"": 0.041397703324478376, ""random_strength"": 1.4243584426950717}",5.7,2026-07-14T18:35:19
CatBoost,ELEC_3-9-5,43,r2,-29.808162078798482,39.779749444566214,"[0.03306891463294015, -99.92651322766984, -0.18440559609095275, -48.67596378108282, -0.28699670378173114]","{""bagging_temperature"": 0.23724908749680007, ""depth"": 8, ""iterations"": 803, ""l2_leaf_reg"": 7, ""learning_rate"": 0.1109315893952981, ""random_strength"": 0.6161215837047784}",22.7,2026-07-14T18:35:42
CatBoost,ELEC_3-9-5,44,r2,-10.009509288244958,12.590508211046934,"[0.036883964836471606, -30.762944219947773, -1.0131877936512308, -18.603284712089444, 0.294986319627184]","{""bagging_temperature"": 0.5425402305548993, ""depth"": 6, ""iterations"": 769, ""l2_leaf_reg"": 7, ""learning_rate"": 0.04506465460478178, ""random_strength"": 1.1797416951210877}",11.5,2026-07-14T18:35:53
CatBoost,ELEC_3-9-5,45,r2,-20.232706588074592,26.422568852895388,"[0.02484463895605049, -66.21340789019744, -0.6665905661523139, -33.95270169247765, -0.35567743050159506]","{""bagging_temperature"": 0.978892858275009, ""depth"": 6, ""iterations"": 737, ""l2_leaf_reg"": 3, ""learning_rate"": 0.07081521117146002, ""random_strength"": 0.7001568153893514}",11.7,2026-07-14T18:36:05
CatBoost,ELEC_3-9-5,46,r2,-81.37096266770476,112.02557233778889,"[0.03548123679763282, -286.005425899285, -1.8517699857930987, -118.54128512877595, -0.49181356146739197]","{""bagging_temperature"": 0.6451033620305648, ""depth"": 4, ""iterations"": 752, ""l2_leaf_reg"": 4, ""learning_rate"": 0.11114329613661075, ""random_strength"": 0.5615447248817116}",8.2,2026-07-14T18:36:13
CatBoost,ELEC_3-9-5,47,r2,-60.972413758068136,100.60969028337101,"[0.024764441849829955, -38.801254347046914, -3.3980723213603294, -260.14646519428237, -2.5410413695009058]","{""bagging_temperature"": 0.02431596643145384, ""depth"": 4, ""iterations"": 811, ""l2_leaf_reg"": 1, ""learning_rate"": 0.14923707151162777, ""random_strength"": 0.9398890279818859}",9.0,2026-07-14T18:36:22
CatBoost,ELEC_3-9-5,48,r2,-3.8634851118222526,5.886254936462356,"[0.035627630314628345, -14.976060205017523, 0.1403057268787662, -4.843822833251382, 0.3265241219642493]","{""bagging_temperature"": 0.2795603417967586, ""depth"": 6, ""iterations"": 336, ""l2_leaf_reg"": 5, ""learning_rate"": 0.06994578076442401, ""random_strength"": 1.9333096380873391}",5.0,2026-07-14T18:36:27
CatBoost,ELEC_3-9-5,49,r2,0.17732525118107934,0.07876398864227412,"[0.04422230844926467, 0.25335216226211965, 0.16348751691716767, 0.16370830723370555, 0.26185596104313913]","{""bagging_temperature"": 0.9636199770892528, ""depth"": 4, ""iterations"": 415, ""l2_leaf_reg"": 7, ""learning_rate"": 0.052797582700205466, ""random_strength"": 0.38182206230069204}",4.1,2026-07-14T18:36:31
CatBoost,ELEC_3-9-5,50,r2,-15.789229586933294,22.43002798546821,"[0.030034792002159527, -20.437973319645888, -0.7310418049551766, -57.82545477421115, 0.01828717214359432]","{""bagging_temperature"": 0.2684748568901568, ""depth"": 6, ""iterations"": 427, ""l2_leaf_reg"": 2, ""learning_rate"": 0.08795217674416902, ""random_strength"": 1.872309548321562}",7.0,2026-07-14T18:36:38
CatBoost,ELEC_3-9-5,51,r2,-29.29620839837848,30.24226639149222,"[0.033884085472464354, -77.85236688063465, -18.677670907119563, -49.54056442773872, -0.4443238618719234]","{""bagging_temperature"": 0.696029796674973, ""depth"": 5, ""iterations"": 587, ""l2_leaf_reg"": 7, ""learning_rate"": 0.1486075390145969, ""random_strength"": 0.28016803047304806}",7.4,2026-07-14T18:36:45
CatBoost,ELEC_3-9-5,52,r2,-7.548745471667888,10.956211986962323,"[0.040163184845510624, -10.006181844639329, -0.029870170054796086, -28.01628901931742, 0.26845049082659556]","{""bagging_temperature"": 0.5183296523637367, ""depth"": 5, ""iterations"": 403, ""l2_leaf_reg"": 1, ""learning_rate"": 0.029126986401884034, ""random_strength"": 1.4178219938202372}",5.5,2026-07-14T18:36:51
CatBoost,ELEC_3-9-5,53,r2,-33.50941498135673,46.3837214772655,"[0.03042930289871215, -118.08314253497585, -0.04608845973169706, -49.274646677251376, -0.1736265377234465]","{""bagging_temperature"": 0.5528199769079077, ""depth"": 5, ""iterations"": 837, ""l2_leaf_reg"": 3, ""learning_rate"": 0.04586897210322413, ""random_strength"": 1.223027421731361}",10.6,2026-07-14T18:37:02
CatBoost,ELEC_3-9-5,54,r2,0.1665691232641542,0.07046996518791322,"[0.04510533774677716, 0.2358457965937415, 0.15274354832703718, 0.16144813178312778, 0.2377028018700874]","{""bagging_temperature"": 0.08159418040024036, ""depth"": 4, ""iterations"": 335, ""l2_leaf_reg"": 5, ""learning_rate"": 0.03719835349168592, ""random_strength"": 0.14188183399985532}",3.4,2026-07-14T18:37:05
CatBoost,ELEC_3-9-5,55,r2,-36.59155686975088,55.06754757457562,"[0.03647666672918137, -142.65473807373658, -1.530773447477387, -38.78356124600803, -0.025188248261589274]","{""bagging_temperature"": 0.3967838272138884, ""depth"": 7, ""iterations"": 770, ""l2_leaf_reg"": 7, ""learning_rate"": 0.06258161336959217, ""random_strength"": 0.187963879681738}",14.5,2026-07-14T18:37:19
CatBoost,ELEC_3-9-5,56,r2,-16.14854348674239,24.483376471278664,"[0.030149758561627604, -15.51934667407333, -0.5276682194206788, -63.709444768196136, -1.016407530583451]","{""bagging_temperature"": 0.578280140996174, ""depth"": 6, ""iterations"": 964, ""l2_leaf_reg"": 2, ""learning_rate"": 0.08597024885906072, ""random_strength"": 0.5730825042565688}",15.3,2026-07-14T18:37:35
CatBoost,ELEC_3-9-5,57,r2,-89.38002726297731,121.40358709403873,"[0.022237409854037438, -136.6607171166635, -0.8007055537899155, -308.15516034629695, -1.3057907079901625]","{""bagging_temperature"": 0.5908332605690108, ""depth"": 4, ""iterations"": 991, ""l2_leaf_reg"": 2, ""learning_rate"": 0.12516407849235217, ""random_strength"": 0.7203812828225258}",11.1,2026-07-14T18:37:46
CatBoost,ELEC_3-9-5,58,r2,-16.71848566497259,24.281741148859208,"[0.04131297118804633, -62.18816256424912, 0.08462016370761216, -21.86470345103373, 0.3345045555242314]","{""bagging_temperature"": 0.12706051265188478, ""depth"": 4, ""iterations"": 563, ""l2_leaf_reg"": 5, ""learning_rate"": 0.04801600821476387, ""random_strength"": 1.9305036607815396}",6.0,2026-07-14T18:37:52
CatBoost,ELEC_3-9-5,59,r2,-17.994187343452516,22.178678523553998,"[0.03000120171418663, -54.71851370427805, -1.3475437163141515, -32.884447233037314, -1.0504332653472588]","{""bagging_temperature"": 0.45726516161372854, ""depth"": 8, ""iterations"": 649, ""l2_leaf_reg"": 7, ""learning_rate"": 0.10793170950740714, ""random_strength"": 0.2767061848356027}",18.0,2026-07-14T18:38:10
CatBoost,ELEC_3-9-5,60,r2,-16.30209831719938,19.60777863603711,"[0.02892734458510826, -40.097763204531844, -0.15698009065275276, -40.53013116199055, -0.7545444734068598]","{""bagging_temperature"": 0.1327454222429698, ""depth"": 5, ""iterations"": 935, ""l2_leaf_reg"": 2, ""learning_rate"": 0.05521390621177444, ""random_strength"": 1.5903723895374073}",12.2,2026-07-14T18:38:22
CatBoost,ELEC_3-9-5,61,r2,0.12120917006223124,0.07080514490233042,"[0.04109620037042283, 0.11287217069110644, 0.14495552569128078, 0.06433631356747116, 0.242785639990875]","{""bagging_temperature"": 0.2708322512620742, ""depth"": 7, ""iterations"": 357, ""l2_leaf_reg"": 7, ""learning_rate"": 0.04512047382853257, ""random_strength"": 0.3686673486627401}",5.9,2026-07-14T18:38:28
CatBoost,ELEC_3-9-5,62,r2,-66.31966503068203,80.72865517337297,"[0.027635762443229406, -181.8804783081355, -1.6568015637404891, -146.60013218602668, -1.4885488579506494]","{""bagging_temperature"": 0.08087296661719767, ""depth"": 4, ""iterations"": 940, ""l2_leaf_reg"": 2, ""learning_rate"": 0.13812992186770728, ""random_strength"": 0.8847044594622089}",10.3,2026-07-14T18:38:38
CatBoost,ELEC_3-9-5,63,r2,-83.54819160953417,116.65306024540929,"[0.04050806188175338, -297.3543104800467, 0.0022421875433014105, -120.50556220027717, 0.07616438322792662]","{""bagging_temperature"": 0.23978735915740323, ""depth"": 4, ""iterations"": 787, ""l2_leaf_reg"": 5, ""learning_rate"": 0.049190745572432006, ""random_strength"": 1.9097305613263882}",8.3,2026-07-14T18:38:47
CatBoost,ELEC_3-9-5,64,r2,-13.468145844448363,16.70200701873992,"[0.02982909329554706, -30.451799585873694, -0.03236756908838112, -37.072782167606356, 0.1863910070310567]","{""bagging_temperature"": 0.7378969166957685, ""depth"": 8, ""iterations"": 546, ""l2_leaf_reg"": 3, ""learning_rate"": 0.04468233853016205, ""random_strength"": 0.7119453573025232}",15.7,2026-07-14T18:39:02
CatBoost,ELEC_3-9-5,65,r2,0.15365243000619352,0.05994176875489023,"[0.045183604922206744, 0.20913992216310773, 0.15897032403893674, 0.14620677179953856, 0.20876152710717788]","{""bagging_temperature"": 0.7578461104643691, ""depth"": 4, ""iterations"": 584, ""l2_leaf_reg"": 6, ""learning_rate"": 0.022851869213881867, ""random_strength"": 0.18831397653712023}",6.1,2026-07-14T18:39:08
CatBoost,ELEC_3-9-5,66,r2,0.081364014663548,0.1954754651278294,"[0.034696618111962785, 0.21593512916987534, 0.17188122674303807, -0.2786375845830187, 0.26294468387588255]","{""bagging_temperature"": 0.3114133093912942, ""depth"": 7, ""iterations"": 752, ""l2_leaf_reg"": 4, ""learning_rate"": 0.012402554256445033, ""random_strength"": 1.5267288460078219}",15.0,2026-07-14T18:39:23
CatBoost,ELEC_3-9-5,67,r2,-26.117356066539184,43.684433793791435,"[0.03697975250162544, -112.31707679160108, -0.08032552838080931, -18.359708003225307, 0.13335023800964796]","{""bagging_temperature"": 0.8069129770507795, ""depth"": 7, ""iterations"": 588, ""l2_leaf_reg"": 6, ""learning_rate"": 0.07073923089331623, ""random_strength"": 0.7970094687947469}",11.8,2026-07-14T18:39:35
CatBoost,ELEC_3-9-5,68,r2,-13.297314069778357,16.739512882117833,"[0.031384729237829645, -27.160069209569187, -0.1794623984749284, -39.337278488292476, 0.15885501820697734]","{""bagging_temperature"": 0.6158500980522165, ""depth"": 8, ""iterations"": 399, ""l2_leaf_reg"": 2, ""learning_rate"": 0.04652510726783996, ""random_strength"": 0.0306090805807695}",11.3,2026-07-14T18:39:47
CatBoost,ELEC_3-9-5,69,r2,-1.8779697999368465,3.9779296007072324,"[0.04733204243662181, -9.830201215859056, 0.12842231670621007, -0.050564158750121546, 0.3151620157821122]","{""bagging_temperature"": 0.933436308079483, ""depth"": 4, ""iterations"": 624, ""l2_leaf_reg"": 5, ""learning_rate"": 0.03281081979140016, ""random_strength"": 0.1411374948008597}",6.7,2026-07-14T18:39:53
CatBoost,ELEC_3-9-5,70,r2,-15.528311006146762,18.601902117870655,"[0.03085551749808968, -39.637463846201804, -0.40631295289937075, -36.932600515429066, -0.6960332337016757]","{""bagging_temperature"": 0.6424192782063156, ""depth"": 4, ""iterations"": 459, ""l2_leaf_reg"": 3, ""learning_rate"": 0.12213290125553597, ""random_strength"": 1.3543366847659635}",5.1,2026-07-14T18:39:58
CatBoost,ELEC_3-9-5,71,r2,-55.26514129899092,76.5597307180279,"[0.03950244146190718, -196.34171019929593, -1.2630155636390867, -77.62203982159475, -1.1384433518867514]","{""bagging_temperature"": 0.5733670416719333, ""depth"": 4, ""iterations"": 990, ""l2_leaf_reg"": 3, ""learning_rate"": 0.14180507322871355, ""random_strength"": 0.7722052756015485}",11.3,2026-07-14T18:40:10
CatBoost,ELEC_3-9-5,72,r2,-0.8207637010879004,1.4110631855291407,"[0.04271244063958579, -1.1756455451262422, 0.15147796751992548, -3.4376508360612856, 0.31528746758851456]","{""bagging_temperature"": 0.9611905638239142, ""depth"": 5, ""iterations"": 342, ""l2_leaf_reg"": 4, ""learning_rate"": 0.04835455782495873, ""random_strength"": 0.42917823941674826}",6.1,2026-07-14T18:40:16
CatBoost,ELEC_3-9-5,73,r2,-18.77699641686592,28.170375611246197,"[0.027280012277780763, -19.659103816270896, -0.6660148713166965, -73.0996990260229, -0.48744438299690107]","{""bagging_temperature"": 0.37725908322797586, ""depth"": 8, ""iterations"": 798, ""l2_leaf_reg"": 2, ""learning_rate"": 0.10562094827828997, ""random_strength"": 0.14237729692045797}",26.0,2026-07-14T18:40:42
CatBoost,ELEC_3-9-5,74,r2,-45.1147767825731,63.81381543995253,"[0.034704307686116764, -165.02318766796498, -2.2888962133988198, -57.43779704294826, -0.858707296239579]","{""bagging_temperature"": 0.3189756302937613, ""depth"": 5, ""iterations"": 901, ""l2_leaf_reg"": 6, ""learning_rate"": 0.12402558756245101, ""random_strength"": 0.5637095495467999}",12.0,2026-07-14T18:40:54
CatBoost,ELEC_3-9-5,75,r2,-30.247220956545856,41.6998473520204,"[0.02654024653558862, -106.9803836714326, -0.3770827255477962, -42.69000094657031, -1.2151776857141736]","{""bagging_temperature"": 0.11816482762165625, ""depth"": 8, ""iterations"": 925, ""l2_leaf_reg"": 5, ""learning_rate"": 0.14113074125979905, ""random_strength"": 0.07837265335129251}",29.2,2026-07-14T18:41:23
CatBoost,ELEC_3-9-5,76,r2,-10.635780590982638,13.900004071937037,"[0.0277262691596194, -16.687061030444905, -0.47215312802563214, -35.39120505381639, -0.6562100117858738]","{""bagging_temperature"": 0.41794603171557876, ""depth"": 8, ""iterations"": 975, ""l2_leaf_reg"": 2, ""learning_rate"": 0.0692859319231366, ""random_strength"": 1.1370405674999167}",30.0,2026-07-14T18:41:53
CatBoost,ELEC_3-9-5,77,r2,-14.778839052045203,17.978051518138468,"[0.029322800268529736, -33.9657812506421, -0.21148935017403847, -39.42459584160315, -0.32165161807524756]","{""bagging_temperature"": 0.5759245752580846, ""depth"": 6, ""iterations"": 847, ""l2_leaf_reg"": 2, ""learning_rate"": 0.045002302890254656, ""random_strength"": 1.1610880246878197}",13.2,2026-07-14T18:42:06
CatBoost,ELEC_3-9-5,78,r2,-33.74922091473228,43.82073593525457,"[0.030271028823923185, -107.86973370605762, -0.08487667808710464, -60.50077226462302, -0.320992953717528]","{""bagging_temperature"": 0.8671166072097221, ""depth"": 8, ""iterations"": 668, ""l2_leaf_reg"": 7, ""learning_rate"": 0.11512194949080963, ""random_strength"": 1.5090857481693647}",18.2,2026-07-14T18:42:24
CatBoost,ELEC_3-9-5,79,r2,-213.37242916666779,317.8642662274806,"[0.03790768676617229, -245.24798752326274, -1.2456154373377113, -820.170251957053, -0.23619860245163737]","{""bagging_temperature"": 0.10312386883593261, ""depth"": 4, ""iterations"": 361, ""l2_leaf_reg"": 4, ""learning_rate"": 0.12570404525508383, ""random_strength"": 0.6400992020612235}",3.7,2026-07-14T18:42:28
CatBoost,ELEC_3-9-5,80,r2,-85.50320316156049,109.42043613191443,"[0.01955000194566936, -267.35126688594, -1.6770113774817124, -157.91861441893562, -0.5886731273907899]","{""bagging_temperature"": 0.8955232284962005, ""depth"": 4, ""iterations"": 911, ""l2_leaf_reg"": 4, ""learning_rate"": 0.1441958095636478, ""random_strength"": 1.6942862881911795}",9.1,2026-07-14T18:42:37
CatBoost,ELEC_3-9-5,81,r2,-30.90134434374367,41.392914922053805,"[0.03080484005592732, -49.98951407933456, -0.15397126948581796, -104.12629147374737, -0.26774973620653664]","{""bagging_temperature"": 0.3549051904627206, ""depth"": 7, ""iterations"": 683, ""l2_leaf_reg"": 4, ""learning_rate"": 0.09028130433726006, ""random_strength"": 1.2636744243395985}",14.3,2026-07-14T18:42:52
CatBoost,ELEC_3-9-5,82,r2,-31.90088317201684,55.10645631561323,"[0.02821759047015815, -16.679803564992852, -0.572176412687512, -141.39523108024727, -0.8854223926267375]","{""bagging_temperature"": 0.44844552197831977, ""depth"": 6, ""iterations"": 695, ""l2_leaf_reg"": 1, ""learning_rate"": 0.08751842732841211, ""random_strength"": 0.4254557900484579}",12.3,2026-07-14T18:43:04
CatBoost,ELEC_3-9-5,83,r2,-58.80807947932372,92.20678014582613,"[0.035325078386903686, -239.76018345309816, -6.343007361987504, -47.719577102158965, -0.2529545577609411]","{""bagging_temperature"": 0.9461945428816902, ""depth"": 4, ""iterations"": 338, ""l2_leaf_reg"": 5, ""learning_rate"": 0.14033007479622098, ""random_strength"": 1.9484964170688204}",3.9,2026-07-14T18:43:08
CatBoost,ELEC_3-9-5,84,r2,-46.57964009734822,58.5805340611518,"[0.033941257455341045, -93.34361081244748, -0.586168444732728, -138.90041178317307, -0.10195070384311666]","{""bagging_temperature"": 0.9959312420303291, ""depth"": 5, ""iterations"": 432, ""l2_leaf_reg"": 3, ""learning_rate"": 0.13427858558616199, ""random_strength"": 0.7018300251041574}",5.7,2026-07-14T18:43:13
CatBoost,ELEC_3-9-5,85,r2,-29.183199804368677,43.7726774845113,"[0.03186388679243368, -31.792768575904866, -0.5186492586188827, -113.25784184079113, -0.37860323332094215]","{""bagging_temperature"": 0.11706701642760586, ""depth"": 7, ""iterations"": 308, ""l2_leaf_reg"": 2, ""learning_rate"": 0.12717494239323235, ""random_strength"": 1.7337374106216827}",6.5,2026-07-14T18:43:20
CatBoost,ELEC_3-9-5,86,r2,-14.330347589089294,20.423447430681293,"[0.02480128275190352, -18.017759020560714, -0.15543766371768974, -52.79406063151813, -0.7092819124018284]","{""bagging_temperature"": 0.8384807637639851, ""depth"": 8, ""iterations"": 467, ""l2_leaf_reg"": 2, ""learning_rate"": 0.06553122427359527, ""random_strength"": 1.7837938175535533}",14.1,2026-07-14T18:43:34
CatBoost,ELEC_3-9-5,87,r2,-39.17237601340309,47.047439742723775,"[0.0277856706195706, -88.75471256610582, -1.523563780559348, -104.2016057124559, -1.4097836785139521]","{""bagging_temperature"": 0.1466048216920255, ""depth"": 8, ""iterations"": 464, ""l2_leaf_reg"": 6, ""learning_rate"": 0.1481295409901646, ""random_strength"": 0.7485415915122406}",14.3,2026-07-14T18:43:48
