model,panel_mode,group_id,trial_index,scoring,mean_test_score,std_test_score,fold_scores_json,params_json,elapsed_s,updated_at
LightGBM,global,ALL,0,r2,-21.700044647216348,44.388006599940105,"[0.1524150165811502, -110.47534219634278, 0.6504049079587524, 0.60492772807445, 0.5673713076466904]","{""colsample_bytree"": 0.749816047538945, ""learning_rate"": 0.14285357442943783, ""max_depth"": 7, ""min_child_samples"": 81, ""n_estimators"": 900, ""num_leaves"": 40, ""reg_alpha"": 0.07800932022121826, ""reg_lambda"": 0.07799726016810132, ""subsample"": 0.6232334448672797}",1189.9,2026-07-20T15:53:00
LightGBM,global,ALL,1,r2,-76.74238130530725,154.46251859118243,"[0.15190467979117295, -385.66721695005384, 0.6492314516258806, 0.5973854834922254, 0.5567888086083128]","{""colsample_bytree"": 0.9464704583099741, ""learning_rate"": 0.09216167670276527, ""max_depth"": 7, ""min_child_samples"": 31, ""n_estimators"": 508, ""num_leaves"": 21, ""reg_alpha"": 0.36099938613341237, ""reg_lambda"": 0.4692763545078751, ""subsample"": 0.6003115063364057}",547.6,2026-07-22T10:38:23
LightGBM,global,ALL,2,r2,-3.164040987242948,7.318912746930574,"[0.15233587277275507, -17.797515455960237, 0.6499600508429988, 0.6056110152679233, 0.5694035808618205]","{""colsample_bytree"": 0.996884623716487, ""learning_rate"": 0.09453481889601889, ""max_depth"": 5, ""min_child_samples"": 31, ""n_estimators"": 452, ""num_leaves"": 127, ""reg_alpha"": 0.011531212520707879, ""reg_lambda"": 0.2623873301291946, ""subsample"": 0.7599443886861021}",557.9,2026-07-22T10:48:19
LightGBM,global,ALL,3,r2,-34.64136752886682,70.27220902794949,"[0.15357729558252975, -175.18533525851953, 0.6488905179683016, 0.6063467491709313, 0.5696830514636426]","{""colsample_bytree"": 0.6186662652854461, ""learning_rate"": 0.14619455023201158, ""max_depth"": 7, ""min_child_samples"": 64, ""n_estimators"": 443, ""num_leaves"": 83, ""reg_alpha"": 0.23338144662398996, ""reg_lambda"": 0.4299702033681603, ""subsample"": 0.8721230154351118}",654.5,2026-07-22T10:59:57
LightGBM,global,ALL,4,r2,0.4473266594590963,0.1572692523115755,"[0.1412387023544437, 0.4649793729832138, 0.5733899374347007, 0.5457224530215171, 0.5113028315016058]","{""colsample_bytree"": 0.7801997007878172, ""learning_rate"": 0.006923419368180647, ""max_depth"": -1, ""min_child_samples"": 69, ""n_estimators"": 213, ""num_leaves"": 28, ""reg_alpha"": 0.007983126110107097, ""reg_lambda"": 0.1154469128110745, ""subsample"": 0.6964101864104046}",453.6,2026-07-22T11:08:10
LightGBM,global,ALL,5,r2,-2.5203985663881,6.030713558732334,"[0.15283894515937257, -14.57657126505338, 0.6504858213579333, 0.604808031959639, 0.5664456346359364]","{""colsample_bytree"": 0.8733054075301833, ""learning_rate"": 0.09344951537848004, ""max_depth"": 7, ""min_child_samples"": 87, ""n_estimators"": 280, ""num_leaves"": 55, ""reg_alpha"": 0.09111804389403116, ""reg_lambda"": 0.37768070515882624, ""subsample"": 0.7700623497964979}",442.3,2026-07-22T11:16:14
LightGBM,global,ALL,6,r2,-7.811411563540226,16.60431852700746,"[0.15332417821612598, -41.01817816738975, 0.6476888187804282, 0.600644820714503, 0.559462531977563]","{""colsample_bytree"": 0.6831766651472755, ""learning_rate"": 0.08731654753389877, ""max_depth"": 11, ""min_child_samples"": 72, ""n_estimators"": 601, ""num_leaves"": 109, ""reg_alpha"": 0.22487706668488283, ""reg_lambda"": 0.1975751180009072, ""subsample"": 0.9706635463175177}",1005.6,2026-07-22T11:33:40
LightGBM,global,ALL,7,r2,-11.944346238718328,24.87327156372175,"[0.15328781413626047, -61.68962796679536, 0.6520881432479124, 0.5983580600056141, 0.564162755813935]","{""colsample_bytree"": 0.8909087983425683, ""learning_rate"": 0.05234841147684612, ""max_depth"": 9, ""min_child_samples"": 71, ""n_estimators"": 495, ""num_leaves"": 104, ""reg_alpha"": 0.194338644844741, ""reg_lambda"": 0.13567451588694796, ""subsample"": 0.9314950036607718}",901.4,2026-07-22T11:49:23
LightGBM,global,ALL,8,r2,-14.84879193005647,30.68210974319538,"[0.15312581869370323, -76.21198962877952, 0.6486679409359137, 0.6026901268314433, 0.5635460920361106]","{""colsample_bytree"": 0.7427013306774357, ""learning_rate"": 0.045735503904670204, ""max_depth"": 9, ""min_child_samples"": 50, ""n_estimators"": 356, ""num_leaves"": 34, ""reg_alpha"": 0.08263346953150125, ""reg_lambda"": 0.007818203370596966, ""subsample"": 0.7693605922825478}",610.3,2026-07-22T12:00:14
LightGBM,global,ALL,9,r2,-1.7410017172549077,4.47532291739668,"[0.15322777908480734, -10.684538320842849, 0.6514279542402278, 0.6054682442756949, 0.5694057569675824]","{""colsample_bytree"": 0.7579526072702278, ""learning_rate"": 0.04755578533411552, ""max_depth"": 7, ""min_child_samples"": 90, ""n_estimators"": 591, ""num_leaves"": 54, ""reg_alpha"": 0.3950877702656028, ""reg_lambda"": 0.3029799873905057, ""subsample"": 0.9705203514053395}",1011.5,2026-07-22T12:17:44
LightGBM,global,ALL,10,r2,-8.002379054477595,16.93689986290096,"[0.15214572056931142, -41.87447522179746, 0.6456808733682537, 0.5806489365221035, 0.48410441894982004]","{""colsample_bytree"": 0.8604308102007778, ""learning_rate"": 0.1376691529538482, ""max_depth"": -1, ""min_child_samples"": 81, ""n_estimators"": 979, ""num_leaves"": 53, ""reg_alpha"": 0.047705058245205656, ""reg_lambda"": 0.18540912609913318, ""subsample"": 0.8675365010654429}",1213.2,2026-07-22T12:38:36
LightGBM,global,ALL,11,r2,-21.22829514503848,43.44214859572994,"[0.1536521979678641, -108.11187017722986, 0.6501876602738952, 0.6019303376436985, 0.5646242561519981]","{""colsample_bytree"": 0.8663689426469987, ""learning_rate"": 0.09073817921762042, ""max_depth"": 7, ""min_child_samples"": 44, ""n_estimators"": 938, ""num_leaves"": 120, ""reg_alpha"": 0.4858560476945519, ""reg_lambda"": 0.42445691213304193, ""subsample"": 0.8886918084659492}",1576.2,2026-07-22T13:05:31
LightGBM,global,ALL,12,r2,-2.6441455179724476,6.27626792132201,"[0.15247377020680952, -15.191654021290496, 0.648335489423101, 0.6037206361674388, 0.5663965356309101]","{""colsample_bytree"": 0.6943939678995823, ""learning_rate"": 0.04212990680039197, ""max_depth"": 7, ""min_child_samples"": 18, ""n_estimators"": 406, ""num_leaves"": 34, ""reg_alpha"": 0.05544541040591566, ""reg_lambda"": 0.21966825093288506, ""subsample"": 0.6806876809341584}",735.5,2026-07-22T13:18:25
LightGBM,global,ALL,13,r2,-63.16068728911231,127.2786049502538,"[0.15274236637469607, -317.7176646530606, 0.6427339704752142, 0.5894751298188904, 0.5292767408302622]","{""colsample_bytree"": 0.9583054382694077, ""learning_rate"": 0.0739286823614062, ""max_depth"": 11, ""min_child_samples"": 13, ""n_estimators"": 933, ""num_leaves"": 120, ""reg_alpha"": 0.12464611457443747, ""reg_lambda"": 0.20519146151781487, ""subsample"": 0.9022204554172195}",1446.7,2026-07-22T13:43:10
LightGBM,global,ALL,14,r2,-1.7739409865588542,4.540532892784247,"[0.15355587190614695, -10.848026872063246, 0.6503915984086528, 0.6055518811659371, 0.5688225877882376]","{""colsample_bytree"": 0.6915192661966489, ""learning_rate"": 0.016162086925174984, ""max_depth"": 7, ""min_child_samples"": 95, ""n_estimators"": 995, ""num_leaves"": 85, ""reg_alpha"": 0.3121770240668966, ""reg_lambda"": 0.147816842918857, ""subsample"": 0.6421977039321082}",1914.8,2026-07-22T14:15:45
LightGBM,global,ALL,15,r2,-7.472316727617636,15.934152590979696,"[0.1533921534622006, -39.3386327714839, 0.6518457070350164, 0.6039224960434016, 0.5678887768551051]","{""colsample_bytree"": 0.782613828193164, ""learning_rate"": 0.03667386339644087, ""max_depth"": 9, ""min_child_samples"": 39, ""n_estimators"": 530, ""num_leaves"": 111, ""reg_alpha"": 0.17814891903848745, ""reg_lambda"": 0.453414220772877, ""subsample"": 0.7088528997538541}",1122.3,2026-07-22T14:35:07
LightGBM,global,ALL,16,r2,-2.5628313538162706,6.093906690074869,"[0.15146909974073186, -14.745730071487484, 0.6342531158654456, 0.5923404387514071, 0.5535106480485481]","{""colsample_bytree"": 0.8590760482165449, ""learning_rate"": 0.005075454664320794, ""max_depth"": 11, ""min_child_samples"": 12, ""n_estimators"": 558, ""num_leaves"": 89, ""reg_alpha"": 0.25537365128878287, ""reg_lambda"": 0.2087055015743895, ""subsample"": 0.6888431241882921}",1599.3,2026-07-22T15:02:25
LightGBM,global,ALL,17,r2,-27.942825961549573,56.87737664004381,"[0.1534972755287194, -141.69701896862125, 0.65126118934999, 0.6063532291343816, 0.5717774668603243]","{""colsample_bytree"": 0.6479461469334731, ""learning_rate"": 0.05395419985352605, ""max_depth"": 7, ""min_child_samples"": 41, ""n_estimators"": 807, ""num_leaves"": 107, ""reg_alpha"": 0.3515094794475889, ""reg_lambda"": 0.181814801189647, ""subsample"": 0.9887128330883843}",1541.8,2026-07-22T15:28:48
LightGBM,global,ALL,18,r2,-0.9838164059050122,2.9529842473768,"[0.15275419486553232, -6.879274524438245, 0.6444359251371736, 0.6004310402243257, 0.5625713346861527]","{""colsample_bytree"": 0.9849789179768444, ""learning_rate"": 0.041508432894677795, ""max_depth"": 5, ""min_child_samples"": 12, ""n_estimators"": 312, ""num_leaves"": 120, ""reg_alpha"": 0.1424202471887338, ""reg_lambda"": 0.018443473677266398, ""subsample"": 0.8438257335919588}",578.2,2026-07-22T15:39:06
LightGBM,global,ALL,19,r2,-25.81470137938492,52.602949699558415,"[0.15181879023364242, -131.0200199985231, 0.6396639102332979, 0.5964243936090847, 0.5586060075224608]","{""colsample_bytree"": 0.8010716092915446, ""learning_rate"": 0.012464418931248455, ""max_depth"": 11, ""min_child_samples"": 10, ""n_estimators"": 602, ""num_leaves"": 21, ""reg_alpha"": 0.2654672916585682, ""reg_lambda"": 0.22389158228654582, ""subsample"": 0.8211572356285312}",1296.5,2026-07-22T16:01:30
LightGBM,global,ALL,20,r2,-3.287021309603939,7.564760688654013,"[0.15324799689588686, -18.412352781478255, 0.6502455908163695, 0.605314987962752, 0.5684376577835526]","{""colsample_bytree"": 0.8370786895517575, ""learning_rate"": 0.01672373231824371, ""max_depth"": 7, ""min_child_samples"": 26, ""n_estimators"": 966, ""num_leaves"": 57, ""reg_alpha"": 0.1838915663596266, ""reg_lambda"": 0.31615291529678974, ""subsample"": 0.8534118843043579}",2059.4,2026-07-22T16:36:29
LightGBM,global,ALL,21,r2,-5.177926976257233,11.333147564236308,"[0.15273629291496205, -27.84150701956038, 0.6452294493260283, 0.5981061878118643, 0.5558002082213618]","{""colsample_bytree"": 0.8143098736299034, ""learning_rate"": 0.018092016657889204, ""max_depth"": -1, ""min_child_samples"": 82, ""n_estimators"": 323, ""num_leaves"": 78, ""reg_alpha"": 0.09325925519992712, ""reg_lambda"": 0.020387570777381958, ""subsample"": 0.8363571772752967}",996.7,2026-07-22T16:53:47
LightGBM,global,ALL,22,r2,0.4816997834110477,0.1718340324157026,"[0.1510129267020971, 0.4881636666976461, 0.6302558766411801, 0.5887784210896871, 0.5502880259246284]","{""colsample_bytree"": 0.871025744736913, ""learning_rate"": 0.007405235194539141, ""max_depth"": 7, ""min_child_samples"": 28, ""n_estimators"": 347, ""num_leaves"": 115, ""reg_alpha"": 0.04808827554571038, ""reg_lambda"": 0.470261632244802, ""subsample"": 0.759028808435009}",1103.2,2026-07-22T17:12:57
LightGBM,global,ALL,23,r2,-16.63728044241612,34.26393289500722,"[0.15254430612903325, -85.16421675524383, 0.6506158787596166, 0.6059955201690543, 0.5686588381055093]","{""colsample_bytree"": 0.8071005402109921, ""learning_rate"": 0.12646796535656255, ""max_depth"": 7, ""min_child_samples"": 66, ""n_estimators"": 672, ""num_leaves"": 69, ""reg_alpha"": 0.4623468091392814, ""reg_lambda"": 0.4386696766904905, ""subsample"": 0.7031766510860622}",1127.6,2026-07-22T17:32:26
LightGBM,global,ALL,24,r2,-25.16490444058713,51.30519235633485,"[0.15287584412383948, -127.77469039685434, 0.6477761601336872, 0.5935516778561978, 0.5559645118049583]","{""colsample_bytree"": 0.8639936184136716, ""learning_rate"": 0.12349721902917629, ""max_depth"": -1, ""min_child_samples"": 69, ""n_estimators"": 201, ""num_leaves"": 20, ""reg_alpha"": 0.046551383902949606, ""reg_lambda"": 0.4486078789766634, ""subsample"": 0.9601672228653322}",352.3,2026-07-22T17:38:57
LightGBM,global,ALL,25,r2,-7.655788344939933,16.296795875718516,"[0.15296596861166845, -40.247455175704694, 0.6476434304662129, 0.6035266087126743, 0.5643774432144735]","{""colsample_bytree"": 0.8532405829093072, ""learning_rate"": 0.054159319702061594, ""max_depth"": 7, ""min_child_samples"": 28, ""n_estimators"": 407, ""num_leaves"": 22, ""reg_alpha"": 0.4281621459390462, ""reg_lambda"": 0.20225406356109504, ""subsample"": 0.9551080395043839}",714.4,2026-07-22T17:51:31
LightGBM,global,ALL,26,r2,-18.26125727866247,37.50090784250031,"[0.15190737204766436, -93.2622421101207, 0.6483340114830682, 0.5999703872924232, 0.5557439459851838]","{""colsample_bytree"": 0.9403713795070051, ""learning_rate"": 0.1406670741620374, ""max_depth"": 9, ""min_child_samples"": 47, ""n_estimators"": 303, ""num_leaves"": 103, ""reg_alpha"": 0.29034331071822733, ""reg_lambda"": 0.18614138328087154, ""subsample"": 0.9760533769831113}",599.3,2026-07-22T18:02:13
LightGBM,global,ALL,27,r2,-0.0856291929566678,1.1668019541936812,"[0.1522710549807198, -2.3922732669007383, 0.645985858240171, 0.6018207229159748, 0.5640496659805334]","{""colsample_bytree"": 0.989465534702127, ""learning_rate"": 0.04616854133693252, ""max_depth"": 5, ""min_child_samples"": 75, ""n_estimators"": 362, ""num_leaves"": 99, ""reg_alpha"": 0.49722873130541034, ""reg_lambda"": 0.08796262633867269, ""subsample"": 0.6072301454462083}",600.2,2026-07-22T18:12:53
LightGBM,global,ALL,28,r2,-3.5837356951649695,8.15972671650898,"[0.15321655460658257, -19.899286675741244, 0.651166736363867, 0.6061672578763615, 0.5700576510695867]","{""colsample_bytree"": 0.7975574860733738, ""learning_rate"": 0.030929292837092677, ""max_depth"": 7, ""min_child_samples"": 26, ""n_estimators"": 839, ""num_leaves"": 52, ""reg_alpha"": 0.27127011527744965, ""reg_lambda"": 0.25440703841938, ""subsample"": 0.8545330472743582}",1674.7,2026-07-22T18:41:27
LightGBM,global,ALL,29,r2,-16.062746686074824,33.10412425459893,"[0.15282477258544647, -82.2700585359721, 0.6491800641496805, 0.5974024666726052, 0.556917802190235]","{""colsample_bytree"": 0.7001847274422337, ""learning_rate"": 0.09053127289627885, ""max_depth"": 11, ""min_child_samples"": 60, ""n_estimators"": 637, ""num_leaves"": 27, ""reg_alpha"": 0.31556931299863145, ""reg_lambda"": 0.3974056517708242, ""subsample"": 0.8010548372420768}",1249.9,2026-07-22T19:03:11
LightGBM,global,ALL,30,r2,-16.651966944761554,34.26869520459067,"[0.15331108857974662, -85.18847526666067, 0.6514246609474135, 0.5903526024416983, 0.5335521908840459]","{""colsample_bytree"": 0.8307615538505436, ""learning_rate"": 0.07641506560373526, ""max_depth"": 11, ""min_child_samples"": 70, ""n_estimators"": 858, ""num_leaves"": 23, ""reg_alpha"": 0.01215798321572692, ""reg_lambda"": 0.3227361479535839, ""subsample"": 0.6708442717628196}",51973.8,2026-07-23T09:30:25
LightGBM,global,ALL,31,r2,-58.2793867118632,117.50750760815797,"[0.15189624565024862, -293.294154222614, 0.6385725063040113, 0.5857842155548377, 0.5209676957889294]","{""colsample_bytree"": 0.9761834337411657, ""learning_rate"": 0.14331964366537517, ""max_depth"": 11, ""min_child_samples"": 15, ""n_estimators"": 298, ""num_leaves"": 124, ""reg_alpha"": 0.4765359235119766, ""reg_lambda"": 0.16537515233525685, ""subsample"": 0.821105986734196}",519.6,2026-07-23T09:39:51
LightGBM,global,ALL,32,r2,-19.85408602001134,40.68384557166799,"[0.15181936016442155, -101.22101583208256, 0.6468288701789987, 0.599928703626043, 0.5520087980563898]","{""colsample_bytree"": 0.8289169876683353, ""learning_rate"": 0.14714807963882662, ""max_depth"": 9, ""min_child_samples"": 72, ""n_estimators"": 452, ""num_leaves"": 104, ""reg_alpha"": 0.09545551557517301, ""reg_lambda"": 0.1342374284450784, ""subsample"": 0.7941119497105262}",741.2,2026-07-23T09:52:53
LightGBM,global,ALL,33,r2,-5.735304616306864,12.462328551556531,"[0.1535565959805273, -30.65741221821403, 0.6503801934496497, 0.6065522394569767, 0.570400107792555]","{""colsample_bytree"": 0.7490747468376198, ""learning_rate"": 0.062230262687373465, ""max_depth"": 5, ""min_child_samples"": 76, ""n_estimators"": 885, ""num_leaves"": 43, ""reg_alpha"": 0.10445935880768009, ""reg_lambda"": 0.3355717584120253, ""subsample"": 0.7434587125184655}",1177.4,2026-07-23T10:13:10
LightGBM,global,ALL,34,r2,-0.4769220619765569,1.9415648727633883,"[0.15182986163800494, -4.343981846543964, 0.6444706501317414, 0.6002962214229537, 0.5627748034684794]","{""colsample_bytree"": 0.7016654596278955, ""learning_rate"": 0.047817135320746114, ""max_depth"": 5, ""min_child_samples"": 26, ""n_estimators"": 303, ""num_leaves"": 52, ""reg_alpha"": 0.06831066572101441, ""reg_lambda"": 0.3544554984550593, ""subsample"": 0.8211279907631631}",458.6,2026-07-23T10:21:28
LightGBM,global,ALL,35,r2,-4.8340357343706275,10.65656478413164,"[0.15247723154878778, -26.144193296812198, 0.6487347654530524, 0.6049775438762128, 0.5678250840810075]","{""colsample_bytree"": 0.7186040574591194, ""learning_rate"": 0.06586822418471008, ""max_depth"": 5, ""min_child_samples"": 34, ""n_estimators"": 607, ""num_leaves"": 32, ""reg_alpha"": 0.04079709020012018, ""reg_lambda"": 0.002592431386993388, ""subsample"": 0.8511577659794545}",1483.2,2026-07-23T10:46:51
LightGBM,global,ALL,36,r2,-0.9791601492576348,2.9456980348055284,"[0.1527203411529614, -6.859960910185037, 0.6452190648897522, 0.6021798462267627, 0.5640409116273868]","{""colsample_bytree"": 0.6777095814048169, ""learning_rate"": 0.015286432964989511, ""max_depth"": 9, ""min_child_samples"": 96, ""n_estimators"": 342, ""num_leaves"": 111, ""reg_alpha"": 0.28943244775377935, ""reg_lambda"": 0.21923706150904348, ""subsample"": 0.8688104541180797}",2126.3,2026-07-23T11:24:21
LightGBM,global,ALL,37,r2,-13.124796207482284,27.234724571087817,"[0.15325046626316408, -67.5930929287277, 0.6496906253566965, 0.6020234837357497, 0.5641473159606725]","{""colsample_bytree"": 0.7312610669898928, ""learning_rate"": 0.027481034425522907, ""max_depth"": 11, ""min_child_samples"": 31, ""n_estimators"": 513, ""num_leaves"": 77, ""reg_alpha"": 0.015250124969524714, ""reg_lambda"": 0.01867409437460721, ""subsample"": 0.9290402242638633}",2172.9,2026-07-23T12:02:15
LightGBM,global,ALL,38,r2,-12.354201325841595,25.68316249313373,"[0.1522506387936996, -63.71933024641075, 0.6442768930402558, 0.5981815172381671, 0.5536145681306499]","{""colsample_bytree"": 0.7440762565645052, ""learning_rate"": 0.023423774334523292, ""max_depth"": -1, ""min_child_samples"": 17, ""n_estimators"": 252, ""num_leaves"": 79, ""reg_alpha"": 0.10791051374842159, ""reg_lambda"": 0.31144523790950013, ""subsample"": 0.6341389859975072}",1219.3,2026-07-23T12:24:20
LightGBM,global,ALL,39,r2,-3.5504636023906664,8.093380446458271,"[0.1526491438347246, -19.733279507685005, 0.6497838406865704, 0.6078190400330495, 0.570709471177326]","{""colsample_bytree"": 0.6206726884674431, ""learning_rate"": 0.08204642157738146, ""max_depth"": 7, ""min_child_samples"": 64, ""n_estimators"": 855, ""num_leaves"": 32, ""reg_alpha"": 0.4847684335570795, ""reg_lambda"": 0.35729755208997604, ""subsample"": 0.6164270067071503}",2041.7,2026-07-23T13:00:00
LightGBM,global,ALL,40,r2,-0.5765528760227618,2.1485478058061376,"[0.15303191066660193, -4.858885023340132, 0.6495672734667419, 0.6049001543753989, 0.5686213047175803]","{""colsample_bytree"": 0.7595283605779178, ""learning_rate"": 0.0678605069492076, ""max_depth"": 5, ""min_child_samples"": 64, ""n_estimators"": 545, ""num_leaves"": 120, ""reg_alpha"": 0.09216683716568502, ""reg_lambda"": 0.040436483308598836, ""subsample"": 0.7713257899760431}",1428.3,2026-07-23T13:25:35
LightGBM,global,ALL,41,r2,-0.5976105440935761,2.1820375026889516,"[0.15253868023258188, -4.9474501188522355, 0.644209621799207, 0.60025736126348, 0.5623917350890864]","{""colsample_bytree"": 0.8753999603061465, ""learning_rate"": 0.013438071348724323, ""max_depth"": 5, ""min_child_samples"": 10, ""n_estimators"": 950, ""num_leaves"": 53, ""reg_alpha"": 0.11989367957870162, ""reg_lambda"": 0.046936645040645875, ""subsample"": 0.6731463988429229}",3017.7,2026-07-23T14:17:36
LightGBM,global,ALL,42,r2,-24.613165393572068,50.19053854088831,"[0.15286771566412716, -124.99364055001786, 0.6496618059850826, 0.591010344530654, 0.5342737159776458]","{""colsample_bytree"": 0.9738455989358838, ""learning_rate"": 0.0975492361072858, ""max_depth"": 11, ""min_child_samples"": 73, ""n_estimators"": 646, ""num_leaves"": 88, ""reg_alpha"": 0.3058603731171761, ""reg_lambda"": 0.20980003121389496, ""subsample"": 0.699092395800463}",1968.9,2026-07-23T14:52:45
LightGBM,global,ALL,43,r2,-23.8136610118342,48.56025299175974,"[0.15209692508513362, -120.93357284042928, 0.6427013491042829, 0.5848135713813798, 0.48565593568749243]","{""colsample_bytree"": 0.7423890714605046, ""learning_rate"": 0.11488768601733351, ""max_depth"": -1, ""min_child_samples"": 38, ""n_estimators"": 419, ""num_leaves"": 88, ""reg_alpha"": 0.04707849413428006, ""reg_lambda"": 0.1557066546956471, ""subsample"": 0.9918042114486034}",1260.5,2026-07-23T15:15:28
LightGBM,global,ALL,44,r2,0.4843323662931906,0.172825525598645,"[0.1510530260330596, 0.4942565509027953, 0.6334752403078794, 0.5908182259184391, 0.55205878830378]","{""colsample_bytree"": 0.6701321079557354, ""learning_rate"": 0.007488359765603784, ""max_depth"": 5, ""min_child_samples"": 57, ""n_estimators"": 540, ""num_leaves"": 58, ""reg_alpha"": 0.1731521605447004, ""reg_lambda"": 0.2323369064698057, ""subsample"": 0.8599094730571053}",1997.2,2026-07-23T15:50:19
LightGBM,global,ALL,45,r2,-12.185731780076257,25.358601982985043,"[0.15185081169065207, -62.901685120489844, 0.6475322332917224, 0.6055422498127758, 0.5681009253134082]","{""colsample_bytree"": 0.6192235696788134, ""learning_rate"": 0.14262613108075095, ""max_depth"": 9, ""min_child_samples"": 43, ""n_estimators"": 379, ""num_leaves"": 114, ""reg_alpha"": 0.007652270145192375, ""reg_lambda"": 0.4667181540397415, ""subsample"": 0.8004159535661037}",1361.8,2026-07-23T16:15:01
LightGBM,global,ALL,46,r2,-11.511765150960258,24.01462416633949,"[0.15324723329738332, -59.53968770405536, 0.650521225327654, 0.607317581761332, 0.5697759088677059]","{""colsample_bytree"": 0.815750979360025, ""learning_rate"": 0.10417474656273046, ""max_depth"": 5, ""min_child_samples"": 41, ""n_estimators"": 674, ""num_leaves"": 103, ""reg_alpha"": 0.2877370889379395, ""reg_lambda"": 0.19408496310326095, ""subsample"": 0.8573152873769412}",1772.6,2026-07-23T16:46:14
LightGBM,global,ALL,47,r2,-19.827449813274207,40.62650376673064,"[0.15320384684283772, -101.07970772861044, 0.6468931366386317, 0.5948480916015992, 0.547513587156334]","{""colsample_bytree"": 0.7833011561966067, ""learning_rate"": 0.08411443445081057, ""max_depth"": 11, ""min_child_samples"": 21, ""n_estimators"": 776, ""num_leaves"": 52, ""reg_alpha"": 0.325742385928894, ""reg_lambda"": 0.10334217993837269, ""subsample"": 0.7095844509284535}",3056.8,2026-07-23T17:38:46
LightGBM,global,ALL,48,r2,-12.510840640961243,26.004432694387248,"[0.15332059393350017, -64.51850760468798, 0.6501057725470861, 0.5959203247589178, 0.5649577086422679]","{""colsample_bytree"": 0.6858356478833496, ""learning_rate"": 0.059702567068056496, ""max_depth"": 11, ""min_child_samples"": 44, ""n_estimators"": 926, ""num_leaves"": 100, ""reg_alpha"": 0.3278613176903711, ""reg_lambda"": 0.19269831048278252, ""subsample"": 0.8726454675891159}",57172.5,2026-07-24T09:34:45
LightGBM,global,ALL,49,r2,-14.482880196728654,29.95547474438183,"[0.15347667264549092, -74.39277030197914, 0.6519726703785488, 0.6046600044879702, 0.5682599708238476]","{""colsample_bytree"": 0.736249827785696, ""learning_rate"": 0.04280070659420595, ""max_depth"": 9, ""min_child_samples"": 67, ""n_estimators"": 700, ""num_leaves"": 94, ""reg_alpha"": 0.4387360067635265, ""reg_lambda"": 0.3675355219019429, ""subsample"": 0.9213923721539394}",6945.3,2026-07-24T11:45:28
LightGBM,global,ALL,50,r2,-11.766961599731845,24.489419115392295,"[0.15300065158758192, -60.74458256393663, 0.648596948132003, 0.5911245031054171, 0.5170524624524143]","{""colsample_bytree"": 0.7128138290285226, ""learning_rate"": 0.030728733848059808, ""max_depth"": -1, ""min_child_samples"": 33, ""n_estimators"": 391, ""num_leaves"": 118, ""reg_alpha"": 0.49525257100033665, ""reg_lambda"": 0.20630883845571324, ""subsample"": 0.7488072343171133}",4761.4,2026-07-24T13:07:54
LightGBM,global,ALL,51,r2,-47.52420594272215,96.02163354060306,"[0.1534196755351651, -239.56715327526865, 0.6493164152998603, 0.5994982887059712, 0.543889182116919]","{""colsample_bytree"": 0.9105651842967988, ""learning_rate"": 0.05441651333668758, ""max_depth"": 11, ""min_child_samples"": 21, ""n_estimators"": 568, ""num_leaves"": 74, ""reg_alpha"": 0.3754355338957487, ""reg_lambda"": 0.3772714370423412, ""subsample"": 0.641249547534373}",4617.3,2026-07-24T14:28:00
LightGBM,global,ALL,52,r2,-12.060449521205172,25.046576465832437,"[0.15414989073600194, -62.15244069090342, 0.6498455057331324, 0.5862120505411439, 0.4599856378672774]","{""colsample_bytree"": 0.9610211626718267, ""learning_rate"": 0.07826159400493929, ""max_depth"": -1, ""min_child_samples"": 95, ""n_estimators"": 596, ""num_leaves"": 78, ""reg_alpha"": 0.04999244358093169, ""reg_lambda"": 0.026742648373684452, ""subsample"": 0.9834165987532794}",4514.5,2026-07-24T15:46:14
LightGBM,global,ALL,53,r2,-17.538956543244467,36.06024677979743,"[0.15356835500492616, -89.65858089949202, 0.6530750252451198, 0.6035721054954026, 0.5535826975242522]","{""colsample_bytree"": 0.9388572576382359, ""learning_rate"": 0.05646125261709448, ""max_depth"": 9, ""min_child_samples"": 87, ""n_estimators"": 934, ""num_leaves"": 71, ""reg_alpha"": 0.28671894406164306, ""reg_lambda"": 0.31591860608489963, ""subsample"": 0.7793782087913279}",3960.3,2026-07-24T16:54:15
LightGBM,global,ALL,54,r2,-9.266790809620066,19.526014861412413,"[0.1531414067971919, -48.31718285514041, 0.6520595217083565, 0.6073657523109355, 0.5706621262235991]","{""colsample_bytree"": 0.7172843086792258, ""learning_rate"": 0.05265635907863781, ""max_depth"": 7, ""min_child_samples"": 94, ""n_estimators"": 683, ""num_leaves"": 72, ""reg_alpha"": 0.39578952186292427, ""reg_lambda"": 0.39480907139727694, ""subsample"": 0.6364824412194762}",4026.5,2026-07-24T18:02:08
LightGBM,global,ALL,55,r2,0.4576382622834913,0.1812534194051906,"[0.1513738375972229, 0.3533043831319608, 0.63637827184331, 0.5929765404303511, 0.5541582784146115]","{""colsample_bytree"": 0.7977681218810326, ""learning_rate"": 0.01334602020241342, ""max_depth"": 5, ""min_child_samples"": 14, ""n_estimators"": 362, ""num_leaves"": 106, ""reg_alpha"": 0.27295788508249447, ""reg_lambda"": 0.35291574193934727, ""subsample"": 0.987460777589654}",32020.7,2026-07-25T02:58:47
LightGBM,global,ALL,56,r2,-36.05372624126893,73.04713787023508,"[0.15179624430930483, -182.14760542644754, 0.6411108560039107, 0.5856707200000801, 0.5003963997895963]","{""colsample_bytree"": 0.8752120040700155, ""learning_rate"": 0.1263597617644192, ""max_depth"": -1, ""min_child_samples"": 16, ""n_estimators"": 373, ""num_leaves"": 32, ""reg_alpha"": 0.11128820878551526, ""reg_lambda"": 0.19832580097712593, ""subsample"": 0.9567587635107107}",2815.2,2026-07-25T03:47:31
LightGBM,global,ALL,57,r2,-9.382700321372036,19.756104234423265,"[0.15307951669444775, -48.89329929119978, 0.6494758485729084, 0.6070829620434143, 0.5701593570288429]","{""colsample_bytree"": 0.6586419286768102, ""learning_rate"": 0.07943229446039697, ""max_depth"": 7, ""min_child_samples"": 17, ""n_estimators"": 695, ""num_leaves"": 84, ""reg_alpha"": 0.4401799843192084, ""reg_lambda"": 0.11834259684103937, ""subsample"": 0.9630774825394185}",50600.6,2026-07-25T17:53:24
LightGBM,global,ALL,58,r2,-29.667189104161167,60.31628295237111,"[0.15344295427632682, -150.299237445447, 0.6507160865853603, 0.6013068790953622, 0.5578260046840966]","{""colsample_bytree"": 0.8367554955285137, ""learning_rate"": 0.05578164577154546, ""max_depth"": 9, ""min_child_samples"": 40, ""n_estimators"": 986, ""num_leaves"": 80, ""reg_alpha"": 0.18899379506112723, ""reg_lambda"": 0.35254218214832994, ""subsample"": 0.6994896617721151}",161626.5,2026-07-27T14:50:02
LightGBM,global,ALL,59,r2,-18.34101828495752,37.65268676170866,"[0.15255316806981012, -93.64558093362184, 0.6471269096612438, 0.595537777617922, 0.5452716534852775]","{""colsample_bytree"": 0.7321010116076394, ""learning_rate"": 0.06799551745079935, ""max_depth"": 11, ""min_child_samples"": 22, ""n_estimators"": 953, ""num_leaves"": 111, ""reg_alpha"": 0.2857365126025053, ""reg_lambda"": 0.37048693045533415, ""subsample"": 0.9068779412434287}",2835.4,2026-07-27T15:39:34
